id,name,type,skill_summary,lineups,avatar,portrait,skillEvidence,version,source,source_url
player-ali,阿离,棋手,技能「枫叶舞」：本批卡图已核对四张翩跃舞步强化牌：围绕转移后的恢复、追加转移、击败成长与攻击力成长展开。 秘技「惊鸿游龙」：枫叶舞指定的英雄击败3/7/11/15名敌方英雄，获得1张秘技牌翩跃舞步，并为枫叶舞解锁1项特性。 六级天赋「即刻起舞」：本批卡图已核对三张天赋强化：落英汲取、枫之洪流、翩跃馈赠。,,https://assets.wanxiangqiwiki.com/assets/players/阿离_棋手头像.jpg,https://assets.wanxiangqiwiki.com/assets/players/阿离_棋手立绘.jpg,用户提供的游戏卡图 · 2026-08-11 逐张核对,棋手资料 2026-07-13 至 2026-08-20（wiki chessplayerFacts）,wanxiangqiwiki.com chessplayerFacts,https://wanxiangqiwiki.com
player-angel,安琪拉,棋手,被动「特制灵异追踪器」：获得飞行器；棋手等级达到3时，获得1张顿悟时刻。 秘技「驱鬼！加大力度！」：累计获得5/10/20/35点神秘力量，获得1张秘技牌灵异探测大改装。 六级天赋「超级连接」：获得1张灵异探测大改装。战斗开始时，飞行器连接的英雄会随机获得自身10%-40%等级数的临时等级。,,https://assets.wanxiangqiwiki.com/assets/players/安琪拉_棋手头像.jpg,https://assets.wanxiangqiwiki.com/assets/players/安琪拉_棋手立绘.jpg,用户提供的游戏卡图 · 2026-08-14 逐张核对,棋手资料 2026-07-13 至 2026-08-20（wiki chessplayerFacts）,wanxiangqiwiki.com chessplayerFacts,https://wanxiangqiwiki.com
player-qiaoxi,乔汐,棋手,技能「温柔呼唤」：使用技能，随机获得1张1-5阶的转瞬英雄牌。 秘技「海的拥抱·秘技」：每经过4个回合，获得1张秘技牌潮汐的交响。 秘技牌「潮汐的交响」：场上随机5名英雄等级+8。 专属「潮起潮落」：开战时，随机传送1个100级的英雄进入战场（不含卡牌效果），传送等级每回合+40。,,https://assets.wanxiangqiwiki.com/assets/players/乔汐_棋手头像.jpg,https://assets.wanxiangqiwiki.com/assets/players/乔汐_棋手立绘.jpg,官网事实 · 2026-08-20 体验服公告；卡面为用户提供的本地素材,棋手资料 2026-07-13 至 2026-08-20（wiki chessplayerFacts）,wanxiangqiwiki.com chessplayerFacts,https://wanxiangqiwiki.com
player-wufeng,武凤,棋手,技能「门庭赫奕」：武凤在比赛开始时，额外拥有3能量；每次拍卖后，再次获得3能量。 任务「众心所归」：每使用45能量，获得1张秘技牌为我所用。 秘技牌「为我所用」：随机获得本局其它棋手的1张秘技牌。 天赋「万鸟朝凤」：随机从3个棋手的秘技牌中选1张。 可获得秘技「可获得其他棋手的秘技」：通过“为我所用”或“万鸟朝凤”可随机获得的其他棋手秘技牌池。以下为当前已整理并附有卡面的可获得牌，不属于武凤自身固定技能。,,https://assets.wanxiangqiwiki.com/assets/players/武凤_棋手头像.jpg,https://assets.wanxiangqiwiki.com/assets/players/武凤_棋手立绘.jpg,官网事实 · 2026-08-20 体验服公告；卡面为用户提供的本地素材,棋手资料 2026-07-13 至 2026-08-20（wiki chessplayerFacts）,wanxiangqiwiki.com chessplayerFacts,https://wanxiangqiwiki.com
player-jiangdao,姜导,棋手,技能「钦定主角」：使用技能，指定1名英雄成为主角，获得效果： 每打出2张英雄或效果牌，等级+1（每回合最多+5）。 秘技「封神时刻·秘技」：己方英雄首次升到25级，获得1张秘技牌封神一瞬。 秘技牌「封神一瞬」：指定1名英雄，使其每次等级永久提升时，都额外+1级。 专属「完美演出」：封神一瞬指定的英雄在战斗开始时获得 30% 物理和法术吸血，并在 15 秒内免疫控制效果（压制除外）。,,https://assets.wanxiangqiwiki.com/assets/players/姜导_棋手头像.jpg,https://assets.wanxiangqiwiki.com/assets/players/姜导_棋手立绘.jpg,官网事实 · 2026-07-13 棋手技能介绍,棋手资料 2026-07-13 至 2026-08-20（wiki chessplayerFacts）,wanxiangqiwiki.com chessplayerFacts,https://wanxiangqiwiki.com
player-yinglv,嬴律,棋手,技能「最高决策者」：比赛开始时，嬴律获得1张战略决策。 在第一次发布至高决策后，可以再获得1张。 技能效果「战略决策」：挑选1个战略决策，嬴律本场比赛获得此效果。 秘技「至高之主」：每经过5个回合，获得1张秘技牌至高决策。 秘技牌「至高决策」：嬴律从4个至高决策中选择1个颁布，对全场所有玩家生效，持续3个回合。 专属「特权决策」：选择1个特权决策颁布，对所有玩家生效，并且自己额外享受特权效果。,,https://assets.wanxiangqiwiki.com/assets/players/嬴律_棋手头像.jpg,https://assets.wanxiangqiwiki.com/assets/players/嬴律_棋手立绘.jpg,官网事实 · 2026-07-13 棋手技能介绍,棋手资料 2026-07-13 至 2026-08-20（wiki chessplayerFacts）,wanxiangqiwiki.com chessplayerFacts,https://wanxiangqiwiki.com
player-sunxiaobin,孙小宾,棋手,技能「时光倒流」：使用技能，孙小宾回溯上回合使用过的英雄牌（非觉醒） 和效果牌，随机触发其中1张。 秘技「时间魔法·秘技」：首次单回合使用8张英雄或效果牌，获得1张秘技牌时之回环。 秘技牌「时之回环」：使用后，记录你从现在开始使用的所有非觉醒英雄牌和效果牌 （最多8张），并在下回合开始时， 再次触发这些卡牌。 专属「时光宝藏」：获得一张更强力的永恒时之回环， 可以记录12张英雄牌或效果牌。 专属效果「永恒时之回环」：使用后，记录你从现在开始使用的所有非觉醒英雄牌 和效果牌(最多12张)，并在下回合开始时， 再次触发这些卡牌。,,https://assets.wanxiangqiwiki.com/assets/players/孙小宾_棋手头像.jpg,https://assets.wanxiangqiwiki.com/assets/players/孙小宾_棋手立绘.jpg,官网事实 · 2026-07-13 棋手技能介绍,棋手资料 2026-07-13 至 2026-08-20（wiki chessplayerFacts）,wanxiangqiwiki.com chessplayerFacts,https://wanxiangqiwiki.com
player-xiaodaji,小妲己,棋手,技能「怦然心动」：每购买4张牌，小妲己随机获得1张效果牌。 秘技「心动节拍·秘技」：每触发5/4/3次怦然心动，获得1张秘技牌心之引力。 秘技牌「心之引力」：获得4次临时刷新。接下来4次刷新时，商店里的牌购买消耗-1。 专属「魅力无限」：每回合打出的第1张效果牌会触发两次。,,https://assets.wanxiangqiwiki.com/assets/players/小妲己_棋手头像.jpg,https://assets.wanxiangqiwiki.com/assets/players/小妲己_棋手立绘.jpg,官网事实 · 2026-07-13 棋手技能介绍,棋手资料 2026-07-13 至 2026-08-20（wiki chessplayerFacts）,wanxiangqiwiki.com chessplayerFacts,https://wanxiangqiwiki.com
player-changxiaoe,常小娥,棋手,技能「小菟助力」：使用技能，小菟随机助力1名英雄，使其等级+2。本场比赛中， 小菟每助力过1次，等级提升效果+1。 秘技「兔飞猛进·秘技」：己方英雄等级总和达到50/175/400级，获得1张秘技牌小菟送福。 秘技牌「小菟送福」：对场上的随机4名英雄各触发1次小菟助力，使其等级+2。 专属「月之特调」：小菟提供等级时，每5级使其额外获得1项随机属性： 15%攻速/2%物理和法术吸血/2点物理和法术防御力。 且每通过小菟助力提供65级时，获得1张小菟送福。,常小娥四人队|日落海整备流|大河图腾流,https://assets.wanxiangqiwiki.com/assets/players/常小娥_棋手头像.jpg,https://assets.wanxiangqiwiki.com/assets/players/常小娥_棋手立绘.jpg,官网事实 · 2026-07-13 棋手技能介绍,棋手资料 2026-07-13 至 2026-08-20（wiki chessplayerFacts）,wanxiangqiwiki.com chessplayerFacts,https://wanxiangqiwiki.com
player-zhuangxiaoyu,庄小鱼,棋手,技能「梦境游戏」：庄小鱼升级时，会随机获得1张效果牌。 秘技「美梦成真·秘技」：升到5级和6级，各获得1张秘技牌如梦似幻。 秘技牌「如梦似幻」：消耗8能量，基于场上阵容获取一套梦幻手牌。 专属「引擎升级」：获得1张【梦幻引擎】：将商店替换为梦幻商店。 若棋手生命值不高于30时战斗失败，则重复获得。 专属效果「梦幻引擎」：根据场上的阵容，将商店替换为梦幻商店。,,https://assets.wanxiangqiwiki.com/assets/players/庄小鱼_棋手头像.jpg,https://assets.wanxiangqiwiki.com/assets/players/庄小鱼_棋手立绘.jpg,官网事实 · 2026-07-13 棋手技能介绍,棋手资料 2026-07-13 至 2026-08-20（wiki chessplayerFacts）,wanxiangqiwiki.com chessplayerFacts,https://wanxiangqiwiki.com
player-yixing,弈星,棋手,技能「棋道万象」：本回合战斗开始时，弈星随机复制1名敌方英雄。 秘技「谋而后定·秘技」：第4/8/12回合，获得1张秘技牌驭势。 秘技牌「驭势」：战斗开始时，将敌方场上所有英雄复制进你的手牌。 专属「神之一手」：开战时，随机从敌方等级最高的2名英雄中复制1名， 临时加入我方战场。,,https://assets.wanxiangqiwiki.com/assets/players/弈星_棋手头像.jpg,https://assets.wanxiangqiwiki.com/assets/players/弈星_棋手立绘.jpg,官网事实 · 2026-07-13 棋手技能介绍,棋手资料 2026-07-13 至 2026-08-20（wiki chessplayerFacts）,wanxiangqiwiki.com chessplayerFacts,https://wanxiangqiwiki.com
player-mingxiansheng,明先生,棋手,技能「先知卦象」：使用技能，从2种卦象中选择1个，卦象效果持续3个回合。 技能效果「卦象・丰」：每回合获得4次临时刷新，每回合能量-2，持续3个回合。 技能效果「卦象·节」：刷新费用+1，每回合能量+2，持续3个回合。 秘技「天降鸿运·秘技」：第6/10回合，获得1张秘技牌命运馈赠。 秘技牌「命运馈赠」：从2个馈赠中选择1个。 专属「飞龙在天」：强化明先生的卦象。 卦象·节：每回合额外获得4能量。 卦象·丰：每回合获得8次临时刷新。,,https://assets.wanxiangqiwiki.com/assets/players/明先生_棋手头像.jpg,https://assets.wanxiangqiwiki.com/assets/players/明先生_棋手立绘.jpg,官网事实 · 2026-07-13 棋手技能介绍,棋手资料 2026-07-13 至 2026-08-20（wiki chessplayerFacts）,wanxiangqiwiki.com chessplayerFacts,https://wanxiangqiwiki.com
player-zhaojun,昭君,棋手,技能「冰之心」：指定1名英雄，将其冻结。 战斗结束后，该英雄随机变为更高1阶的英雄，继承等级。 秘技「极寒冰冻·秘技」：第5/8回合，获得1张秘技牌深度冻结。 秘技牌「深度冻结」：从随机3个强化效果中选择1个。 专属「冰雪秘藏」：从3个增益效果中选择1个。 专属效果「寒潮之势」：战斗开始时，你等级最高的英雄获得1200点生命值、 120点物理和法术攻击力。 专属效果「不朽坚冰」：战斗开始时，你的全体英雄获得500点最大生命值、 60点物理和法术攻击力。 专属效果「雪暴时刻」：冻结的英雄，解冻后等级永久+20。,,https://assets.wanxiangqiwiki.com/assets/players/昭君_棋手头像.jpg,https://assets.wanxiangqiwiki.com/assets/players/昭君_棋手立绘.jpg,官网事实 · 2026-07-13 棋手技能介绍,棋手资料 2026-07-13 至 2026-08-20（wiki chessplayerFacts）,wanxiangqiwiki.com chessplayerFacts,https://wanxiangqiwiki.com
player-yuhuan,玉环,棋手,技能「霓裳曲」：每打出3张非觉醒英雄牌时，玉环将根据出牌类型，以不同的指法弹奏琵琶，并触发1次相应效果。 技能效果「轮指」：使用3张相同非觉醒英雄牌:使用轮指，下个指法触发2次。 技能效果「扫拂」：使用3张同品阶非觉醒英雄牌：使用扫拂，使场上等级最低的2名英雄获得等于棋手等级的等级。 技能效果「吟揉」：使用3张同阵营非觉醒英雄牌：使用吟揉，获得1张随机的转瞬英雄牌。 秘技「自成曲调」：累积弹奏6次琵琶，获得1张秘技牌惊鸿调，限2张。 秘技牌「惊鸿调」：使用记录的前6次的指法来弹奏琵琶，并触发对应的效果（还可获得2张）。 专属「余音绕梁」：获得3次惊鸿调演奏次数。,,https://assets.wanxiangqiwiki.com/assets/players/玉环_棋手头像.jpg,https://assets.wanxiangqiwiki.com/assets/players/玉环_棋手立绘.jpg,官网事实 · 2026-07-13 棋手技能介绍,棋手资料 2026-07-13 至 2026-08-20（wiki chessplayerFacts）,wanxiangqiwiki.com chessplayerFacts,https://wanxiangqiwiki.com
player-banshu,班叔,棋手,技能「神匠」：比赛开始时，获得2张便携式机关。 棋手等级达到2/3/4时，从热能陷阱、电磁弹簧、等离子屏障3种机关卡中随机获得1张。 技能效果「热能陷阱」：在指定位置构筑 1 个热能陷阱。敌方进入陷阱范围时触发，造成真实伤害并眩晕。 技能效果「电磁弹簧」：在指定位置构筑 1 个电磁弹簧。敌方踩中时触发，将其弹至敌方战场后排，触发 2 次后消失。 技能效果「等离子屏障」：在指定位置构筑 1 个等离子屏障。可在横向展开阻碍敌方行动。 秘技「构筑升级·秘技」：累积获得指定数量螺丝后，获得1张秘技牌构筑升级(至多10张) 触发热能陷阱获得3个螺丝。 触发电磁弹簧获得2个螺丝。 等离子屏障在被摧毁后获得5个螺丝 秘技牌「构筑升级」：指定场上1个机关升级其效果。 专属「成品方案」：3种机关强化方案中选择1个。 专属效果「热能陷阱强化」：陷阱会延时2秒爆炸且爆炸范围增加1格， 三级陷阱的冷却时间缩短至4秒。 专属效果「电磁弹簧强化」：弹簧被友军触发时，使友军获得50%生命值上限的磁力护盾， 护盾存在期间该单位造成的伤害提升50%。 专属效果「等离子屏障强化」：屏障血量+100%， 三级屏障会在战斗开始时为屏障左右1格的友军提供复生效果。,,https://assets.wanxiangqiwiki.com/assets/players/班叔_棋手头像.jpg,https://assets.wanxiangqiwiki.com/assets/players/班叔_棋手立绘.jpg,官网事实 · 2026-07-13 棋手技能介绍,棋手资料 2026-07-13 至 2026-08-20（wiki chessplayerFacts）,wanxiangqiwiki.com chessplayerFacts,https://wanxiangqiwiki.com
player-yaomei,瑶妹,棋手,技能「可爱小鹿」：游戏开始时，瑶召唤自己心爱的小鹿前来助阵， 小鹿每回合等级+2，如果上回合战斗胜利，等级额外+4。 秘技「超绝可爱小鹿·秘技」：每经过3个回合，获得1张秘技牌神奇小鹿。 秘技牌「神奇小鹿・嘲讽」：开战后小鹿会在敌人之间无视碰撞地移动，每3秒嘲讽1次周围1格敌人，等级+8。 秘技牌「神奇小鹿・重装」：小鹿可以穿戴装备，且立即穿戴1件极寒风暴，等级+10。 秘技牌「神奇小鹿・双生」：开战时，小鹿会在附近生成1个自身的复制体。如果本局获得过5次胜利，小鹿等级+12（当前胜利次数：0）。 秘技牌「神奇小鹿・共鸣」：小鹿等级翻倍。 秘技牌「神奇小鹿・奉献」：小鹿阵亡时，会将自身等级以×临时等级均分给你的英雄。 专属「巨型玩偶」：小鹿等级+30，并获得一件【小鹿的庇护】。 专属效果「小鹿的庇护」：唯一。穿戴者所受伤害的30%将转移到小鹿身上。,大河图腾流,https://assets.wanxiangqiwiki.com/assets/players/瑶妹_棋手头像.jpg,https://assets.wanxiangqiwiki.com/assets/players/瑶妹_棋手立绘.jpg,官网事实 · 2026-07-13 棋手技能介绍,棋手资料 2026-07-13 至 2026-08-20（wiki chessplayerFacts）,wanxiangqiwiki.com chessplayerFacts,https://wanxiangqiwiki.com
player-baige,白歌,棋手,技能「神来之笔」：每进行4次英雄合成，白歌获得1张即兴创作。 技能效果「即兴创作」：随机获得场上1名英雄的复制。 秘技「天生我才·秘技」：使用6张即兴创作，获得1张秘技牌灵感爆发。 秘技牌「灵感爆发」：释放3道剑气，斩击手牌中随机3张非觉醒英雄牌， 将每张牌斩为2张转瞬版复制。 专属「惊才绝艳」：获得一张奇才：指定1名英雄，获得4张该英雄牌。 专属效果「奇才」：指定1名英雄，获得4张该英雄牌。,,https://assets.wanxiangqiwiki.com/assets/players/白歌_棋手头像.jpg,https://assets.wanxiangqiwiki.com/assets/players/白歌_棋手立绘.jpg,官网事实 · 2026-07-13 棋手技能介绍,棋手资料 2026-07-13 至 2026-08-20（wiki chessplayerFacts）,wanxiangqiwiki.com chessplayerFacts,https://wanxiangqiwiki.com
player-jing,镜,棋手,技能「无穷镜像」：使用技能，获得1张镜像牌，每使用4次技能， 该技能能量消耗+1。 技能效果「镜像」：该卡牌会自动变为上一张打出的英雄牌 (不能复制其他打出的镜像牌)。 秘技「镜像之力·秘技」：使用4张镜像，获得1张秘技牌万镜。 秘技牌「万镜」：随机复制场上的4张英雄牌。 专属「镜花影」：商店里的英雄牌在购买后会留下1个镜像复制。（不计入秘技任务）,,https://assets.wanxiangqiwiki.com/assets/players/镜_棋手头像.jpg,https://assets.wanxiangqiwiki.com/assets/players/镜_棋手立绘.jpg,官网事实 · 2026-07-13 棋手技能介绍,棋手资料 2026-07-13 至 2026-08-20（wiki chessplayerFacts）,wanxiangqiwiki.com chessplayerFacts,https://wanxiangqiwiki.com
player-naonao,闹闹,棋手,技能「派对泡泡」：使用技能，从随机2个阵营中选择1个， 之后技能替换为：花费1点能量，获得1张该阵营的英雄牌。 秘技「快乐集结·秘技」：上阵6名技能所选阵营英雄，获得1张秘技牌朋友多多。 秘技牌「朋友多多」：随机获得4张技能所选阵营的英雄牌。 专属「狂欢时刻」：获得1张打成一片。 专属效果「打成一片」：天赋3选1（技能选择阵营相关的天赋）。,日落海整备流,https://assets.wanxiangqiwiki.com/assets/players/闹闹_棋手头像.jpg,https://assets.wanxiangqiwiki.com/assets/players/闹闹_棋手立绘.jpg,官网事实 · 2026-07-13 棋手技能介绍,棋手资料 2026-07-13 至 2026-08-20（wiki chessplayerFacts）,wanxiangqiwiki.com chessplayerFacts,https://wanxiangqiwiki.com
player-xiangxiang,香香,棋手,技能「究极弩炮」：战斗开始时，香香会使用武器攻击敌人。 香香初始攻击力为20，每拥有1名不低于10级的1-3阶英雄， 香香的攻击力+20。 秘技「枪炮艺术·秘技」：累积造成10/15/20/30点棋手伤害， 获得1张秘技牌武器改造。 秘技牌「武器改造」：香香攻击力+20%。进行1次武器改造方案选择。 专属「火力全开」：香香获得(己方英雄等级总合x0.5)%的攻击力提升。,日落海整备流|大河图腾流,https://assets.wanxiangqiwiki.com/assets/players/香香_棋手头像.jpg,https://assets.wanxiangqiwiki.com/assets/players/香香_棋手立绘.jpg,官网事实 · 2026-07-13 棋手技能介绍,棋手资料 2026-07-13 至 2026-08-20（wiki chessplayerFacts）,wanxiangqiwiki.com chessplayerFacts,https://wanxiangqiwiki.com
player-make,马可,棋手,技能「寻宝之旅」：马可每打出4张3阶及以下的英雄牌， 随机获得1张宝藏牌。 秘技「终极宝藏·秘技」：使用7张宝藏牌，获得1张秘技牌终极宝藏。 秘技牌「终极宝藏正是在下」：从随机3个终极宝藏中选择1个。 专属「瓜分宝藏」：从2种英雄强化效果中选择1个。 专属效果「阳光普照」：战斗开始时，你的全体英雄获得1%x 已打出宝藏牌数量的伤害提升。 专属效果「重点照顾」：战斗开始时，你的人数最多的同品阶英雄获得2%x 已打出宝藏牌数量的伤害提升。,,https://assets.wanxiangqiwiki.com/assets/players/马可_棋手头像.jpg,https://assets.wanxiangqiwiki.com/assets/players/马可_棋手立绘.jpg,官网事实 · 2026-07-13 棋手技能介绍,棋手资料 2026-07-13 至 2026-08-20（wiki chessplayerFacts）,wanxiangqiwiki.com chessplayerFacts,https://wanxiangqiwiki.com
