id,name,type,quality,faction,cost,buy_energy,sell_energy,skill_summary,original,awakening,attackStyle,attackDistance,lineups,priority,image,version,source,source_url
hero-sulie,苏烈,英雄牌,1,河洛,3,3,1,卡面：牺牲：苏烈的等级永久+2。 技能「豪烈万军」：苏烈旋转1周，对周围敌人造成80+80%物理攻击力的物理伤害，并降低其4点物理防御，持续5秒。,牺牲：苏烈的等级永久+2。,牺牲：苏烈的等级永久+4。,近战,1,常小娥四人队,1,https://assets.wanxiangqiwiki.com/assets/official/2026-08-28/95674d4e1c3d57aa881d611c2b5e543c055a6d6ef1eb7d0d74a48622dd6a5fca.webp,官方 2026-08-28,官方卡牌资料,https://wanxiangqiwiki.com/explore/hero-sulie
hero-yao,曜,英雄牌,1,逐鹿,3,3,1,卡面：你的英雄合成提升的等级+1。 技能「逐星」：曜化作星辰对当前目标造成70+120%物理攻击力的物理伤害。,你的英雄合成提升的等级+1。,你的英雄合成提升的等级+2。,近战,1,,0,https://assets.wanxiangqiwiki.com/assets/official/2026-08-28/f9c15a3064752a838e8ac74b611a686b4621ec0b18bc813fd6eed49d5c436be9.webp,官方 2026-08-28,官方卡牌资料,https://wanxiangqiwiki.com/explore/hero-yao
hero-sunbin,孙膑,英雄牌,1,逐鹿,3,3,1,卡面：你的英雄每释放3次技能，该英雄等级永久+1。 技能「时空爆弹」：孙膑向目标敌人投掷1枚定时炸弹，2秒后爆炸对其及附近1格内的敌人造成50+100%法术攻击力的法术伤害。,你的英雄每释放3次技能，该英雄等级永久+1。,你的英雄每释放3次技能，该英雄等级永久+2。,远程,4,,0,https://assets.wanxiangqiwiki.com/assets/official/2026-08-28/a4d6c64681e72cf31aad66f9f52625aa51a56ed7a800d757f347d293e9161ff9.webp,官方 2026-08-28,官方卡牌资料,https://wanxiangqiwiki.com/explore/hero-sunbin
hero-5031,狂铁,英雄牌,1,日落海,3,3,1,卡面：整备：阿科米亚核心的等级+2。 技能「碎裂之击」：狂铁挥舞2次武器，每次挥击对身前的敌人造成50+100%物理攻击力的物理伤害。,整备：阿科米亚核心的等级+2。,整备：阿科米亚核心的等级+2，触发2次。,近战,1,日落海整备流,1,https://assets.wanxiangqiwiki.com/assets/official/2026-08-28/be5d39d60026de3b76bc64a2265c135162cf60ce98eba2fa58a08051798fd938.webp,官方 2026-08-28,官方卡牌资料,https://wanxiangqiwiki.com/explore/hero-5031
hero-1111,孙尚香,英雄牌,1,三分之地,3,3,1,卡面：登场：获得1次免费刷新。 技能「红莲爆弹」：孙尚香朝目标敌人发射1发弩炮，造成50+100%物理攻击力的物理伤害，并降低命中敌人50%物理防御，持续5秒。,登场：获得1次免费刷新。,登场：获得2次免费刷新。,远程,4,,0,https://assets.wanxiangqiwiki.com/assets/official/2026-08-28/5c3f7bb55432589d0bdc208f17aa513cfcafe52e4e7f6fccdea3ca0a3293d464.webp,官方 2026-08-28,官方卡牌资料,https://wanxiangqiwiki.com/explore/hero-1111
hero-1971,弈星,英雄牌,1,无阵营,3,3,1,卡面：棋手升级时，棋手经验+2。 技能「万变之局」：弈星选择敌人最多的1排，画出1个虚空棋盘，1.5秒后棋盘完全成型，对范围内的敌人造成100+50%法术攻击力的法术伤害。,棋手升级时，棋手经验+2。,棋手升级时，棋手经验+4。,远程,4,日落海整备流,1,https://assets.wanxiangqiwiki.com/assets/official/2026-08-28/03356edc5b10dae549d3dcf50c7abcc504e9d4930db18e1a8a3b1c6ff534fa47.webp,官方 2026-08-28,官方卡牌资料,https://wanxiangqiwiki.com/explore/hero-1971
hero-1821,干将莫邪,英雄牌,1,大河流域,3,3,1,卡面：干将莫邪在场时，获得普通装备双剑·雄。 技能「雌雄双剑」：干将莫邪释放1对飞剑，对敌人造成100+50%法术攻击力的法术伤害。,干将莫邪在场时，获得普通装备双剑·雄。,干将莫邪在场时，获得普通装备双剑·雄及双剑·雌。,远程,4,大河图腾流,1,https://assets.wanxiangqiwiki.com/assets/official/2026-08-28/bfc87257896d76e2be80e76f0c08895532f9ba4d33d9489317aed967d3c60122.webp,官方 2026-08-28,官方卡牌资料,https://wanxiangqiwiki.com/explore/hero-1821
hero-1731,李元芳,英雄牌,1,河洛,3,3,1,卡面：整备：对距离最近的【河洛】英雄使用1张古币。 技能「谍影重重」：被动：李元芳技能造成伤害会叠加印记，叠满3层引爆印记造成100%物理攻击力的物理伤害。 主动：李元芳丢出飞镖造成150%物理攻击力的物理伤害。,整备：对距离最近的【河洛】英雄使用1张古币。,整备：对距离最近的【河洛】英雄使用1张精致古币。,远程,4,,0,https://assets.wanxiangqiwiki.com/assets/official/2026-08-28/d4ac29f7f6d6558e933bef5cfe33b8062f2890fb12447b79181c45d20404d4f1.webp,官方 2026-08-28,官方卡牌资料,https://wanxiangqiwiki.com/explore/hero-1731
hero-1681,牛魔,英雄牌,1,无阵营,3,3,1,卡面：凯旋：获得1能量。 技能「山崩地裂」：牛魔短暂蓄力后以巨斧猛力劈向当前的目标敌人，自身获得持续4秒的80点护盾并造成30+100%物理攻击力的物理伤害。,凯旋：获得1能量。,凯旋：获得2能量。,近战,1,日落海整备流|大河图腾流,1,https://assets.wanxiangqiwiki.com/assets/official/2026-08-28/17d426e042455558414bf57749066b45dc6eb80a3df2884c4759e776ec2c42fe.webp,官方 2026-08-28,官方卡牌资料,https://wanxiangqiwiki.com/explore/hero-1681
hero-5141,亚连,英雄牌,2,日落海,3,3,1,卡面：整备：你穿戴装备最多的1名【日落海】英雄等级+2，且阿科米亚核心等级+1。 技能「流星斩」：被动：亚连使用“赤影”攻击时造成法术伤害，使用“守心”攻击时造成物理伤害，双剑合击时造成真实伤害。且普攻和技能伤害可以暴击。 亚连对敌人造成伤害时会获得怒气层数，每层为自身提供2%的伤害减免，最多10层。 主动：亚连挥舞双剑，对前方目标进行3次快速斩击，分别造成65%法术攻击力的法术伤害和2次65%物理攻击力的物理伤害。,整备：你穿戴装备最多的1名【日落海】英雄等级+2，且阿科米亚核心等级+1。,整备：你穿戴装备最多的1名【日落海】英雄等级+2，且阿科米亚核心等级+1，触发2次。,近战,1,日落海整备流,1,https://assets.wanxiangqiwiki.com/assets/official/2026-08-28/b32a683d41aaf7fb1310bb13201f955b90023a20cfd861e733e9fdfddfdd2d5d.webp,官方 2026-08-28,官方卡牌资料,https://wanxiangqiwiki.com/explore/hero-5141
hero-5041,米莱狄,英雄牌,2,日落海,3,3,1,卡面：召唤单位获得 3临时等级。 整备：该临时等级及阿科米亚核心等级额外+3。 技能「机械仆从」：米莱狄在距离自己最远的敌人附近召唤1个机械仆从，继承自己100%法术攻击力。 仆从每次攻击造成50+30%法术攻击力的法术伤害，机械仆从到达最大数量后，再次施放技能，增加仆从15%攻击速度，持续5秒。,召唤单位获得 3临时等级。 整备：该临时等级及阿科米亚核心等级额外+3。,召唤单位获得 6临时等级。 整备：该临时等级及阿科米亚核心等级额外+3，触发2次。,远程,4,日落海整备流,1,https://assets.wanxiangqiwiki.com/assets/official/2026-08-28/aebfc0d29a64f1a804115af14f2fb0e522daba056e575055e9c94ef390662127.webp,官方 2026-08-28,官方卡牌资料,https://wanxiangqiwiki.com/explore/hero-5041
hero-1351,项羽,英雄牌,2,大河流域,3,3,1,卡面：牺牲：所有图腾等级永久+3且本回合你的召唤物免疫控制。 技能「破釜沉舟」：被动：项羽在战斗开始时向前冲撞3格距离，击退沿途敌人并在结束时击飞前方敌人造成100+5%项羽最大生命值的物理伤害。 主动：项羽发出怒吼同时恢复自身150+5%最大生命值的生命值。,牺牲：所有图腾等级永久+3且本回合你的召唤物免疫控制。,牺牲：所有图腾等级永久+6且本回合你的召唤物免疫控制。,近战,1,,0,https://assets.wanxiangqiwiki.com/assets/official/2026-08-28/5d9229838f43d207046947c6e55dba0482027a55d29b8ae0189a417b28416c1d.webp,官方 2026-08-28,官方卡牌资料,https://wanxiangqiwiki.com/explore/hero-1351
hero-1891,鬼谷子,英雄牌,2,大河流域,3,3,1,卡面：在场时，召唤先知图腾。 技能「万物有灵」：鬼谷子使用玄微子包裹随机1名友方英雄使其临时等级+5，持续8秒（不可叠加）。,在场时，召唤先知图腾。,在场时，召唤并强化先知图腾。,远程,2,大河图腾流,1,https://assets.wanxiangqiwiki.com/assets/official/2026-08-28/73b38476873e1aed06323e67b9de2edc83064caf6c34ac2236181fe9b23a1d51.webp,官方 2026-08-28,官方卡牌资料,https://wanxiangqiwiki.com/explore/hero-1891
hero-1981,梦奇,英雄牌,2,无阵营,3,3,1,卡面：退场：获得1张 1阶英雄兑换券。 败阵：提升英雄兑换券的品阶。 技能「梦境萦绕」：梦奇使用泡泡包裹自身，恢复8%最大生命值；1秒后泡泡破碎，对周围敌人造成50+70%法术攻击力的法术伤害，并降低5点物理防御和法术防御，持续5秒。,退场：获得1张 1阶英雄兑换券。 败阵：提升英雄兑换券的品阶。,退场：获得2张 1阶英雄兑换券。 败阵：提升英雄兑换券的品阶。,近战,1,,0,https://assets.wanxiangqiwiki.com/assets/official/2026-08-28/bee37da2510829e76a9775641b944e7d07a9fafff957494c2f65489bbcbb635f.webp,官方 2026-08-28,官方卡牌资料,https://wanxiangqiwiki.com/explore/hero-1981
hero-1211,芈月,英雄牌,2,逐鹿,3,3,1,卡面：每当你使用效果牌时，己方穿戴装备最多的1名【逐鹿】英雄等级+1。 技能「幻翼仆从」：芈月为等级最高的近战友军召唤1只暗影仆从协助战斗，持续10秒。仆从每次攻击造成80%芈月法术攻击力的法术伤害并为友军恢复80%芈月法术攻击力的生命值，同时窃取目标1点物理防御和法术防御转移给友军（最多30层，持续至回合结束）。,每当你使用效果牌时，己方穿戴装备最多的1名【逐鹿】英雄等级+1。,每当你使用效果牌时，己方穿戴装备最多的1名【逐鹿】英雄等级+2。,近战,2,,0,https://assets.wanxiangqiwiki.com/assets/official/2026-08-28/fc0cbcc91a80570c7bab7c1aad2f8c5a1a659161c9fb1de1738e6c5ec6478886.webp,官方 2026-08-28,官方卡牌资料,https://wanxiangqiwiki.com/explore/hero-1211
hero-shenmengxi,沈梦溪,英雄牌,2,河洛,3,3,1,卡面：每对沈梦溪使用1张效果牌，本回合法力值上限-15。 技能「综合爆款」：沈梦溪向敌人密集处投掷1枚混合炸弹，造成100+100%法术攻击力的法术伤害。,每对沈梦溪使用1张效果牌，本回合法力值上限-15。,每对沈梦溪使用1张效果牌，本回合法力值上限-30。,远程,4,,0,https://assets.wanxiangqiwiki.com/assets/official/2026-08-28/008433c0236ac064d6a090709119db9a8b56b18dca1d3692555859690754a999.webp,官方 2026-08-28,官方卡牌资料,https://wanxiangqiwiki.com/explore/hero-shenmengxi
hero-dunshan,盾山,英雄牌,2,河洛,3,3,1,卡面：牺牲：获得1张古币。 技能「不动如山」：盾山架盾进入防御形态获得25%伤害减免，持续3秒。期间每秒对身前敌人造成50点法术伤害。,牺牲：获得1张古币。,牺牲：获得1张精致古币。,近战,1,,0,https://assets.wanxiangqiwiki.com/assets/official/2026-08-28/49e4b580f7cc963e2e636e0f67a96e876cc377c310072c256299f03818d2e6c2.webp,官方 2026-08-28,官方卡牌资料,https://wanxiangqiwiki.com/explore/hero-dunshan
hero-1281,曹操,英雄牌,2,三分之地,3,3,1,卡面：整备：随机触发1名【三分】英雄的登场效果。 技能「霸道枭雄」：曹操凝聚霸道之力立即恢复自身100+15%最大生命值，同时在5秒内提高20%基础攻击力。,整备：随机触发1名【三分】英雄的登场效果。,整备：随机触发2名【三分】英雄的登场效果。,近战,1,,0,https://assets.wanxiangqiwiki.com/assets/official/2026-08-28/a1d89f6a6ae8c0728db04dcf97e57920ac7dfea5649969cbb632affdc80b666f.webp,官方 2026-08-28,官方卡牌资料,https://wanxiangqiwiki.com/explore/hero-1281
hero-yuji,虞姬,英雄牌,2,大河流域,3,3,1,卡面：开团：场上每有1个图腾，自身及随机2名不同【大河流域】英雄等级+1。 技能「阵前舞」：被动：虞姬在普攻时有30%的概率会追加1次攻击。 主动：虞姬冲向目标敌人对其造成120%物理攻击力的物理伤害，随后向后翻腾对目标敌人快速射出4支弩矢，每支弩矢造成50+80%物理攻击力的物理伤害。,开团：场上每有1个图腾，自身及随机2名不同【大河流域】英雄等级+1。,开团：场上每有1个图腾，自身及随机4名不同【大河流域】英雄等级+1。,远程,5,大河图腾流,1,https://assets.wanxiangqiwiki.com/assets/official/2026-08-28/a5738c3f03db80a4d688f9e5731c3f688508a163782b32451815f14a54eb3eca.webp,官方 2026-08-28,官方卡牌资料,https://wanxiangqiwiki.com/explore/hero-yuji
hero-1321,马可波罗,英雄牌,2,日落海,3,3,1,卡面：登场：自身及阿科米亚核心等级+2。 技能「华丽左轮」：马可波罗掏出华丽左轮朝当前方向连续射出8颗子弹，每颗子弹造成25+15%物理攻击力的物理伤害，通过技能击败敌人后，下1次技能额外增加8发子弹。,登场：自身及阿科米亚核心等级+2。,登场：自身及阿科米亚核心等级+4。,远程,4,,1,https://assets.wanxiangqiwiki.com/assets/official/2026-08-28/2fc4cdb06a1ea8695ca65bc39fc7baef5b2bb162687fee4ebad4620d753462db.webp,官方 2026-08-28,官方卡牌资料,https://wanxiangqiwiki.com/explore/hero-1321
hero-1071,赵云,英雄牌,2,三分之地,3,3,1,卡面：登场：自身及随机2名其他英雄等级+1。 技能「破云之龙」：赵云快速刺出4次龙枪打击目标敌人，每次造成60+60%物理攻击力的物理伤害并恢复自身40点生命值。,登场：自身及随机2名其他英雄等级+1。,登场：自身及随机2名其他英雄等级+2。,近战,1,,0,https://assets.wanxiangqiwiki.com/assets/official/2026-08-28/11d87a2fa092ba0db397b538cbd263d5b8bfe3b88102291bdfedd1256c0a0ed9.webp,官方 2026-08-28,官方卡牌资料,https://wanxiangqiwiki.com/explore/hero-1071
hero-1911,大乔,英雄牌,2,三分之地,3,3,1,卡面：你的英雄每触发2次登场效果，大乔的法力值上限永久-5。 技能「鲤跃之潮」：大乔唤出1道波浪前行，击飞并眩晕沿途敌人1秒，造成100+100%法术攻击力的法术伤害。,你的英雄每触发2次登场效果，大乔的法力值上限永久-5。,每当你的英雄触发登场效果，大乔的法力值上限永久-5。,远程,4,,0,https://assets.wanxiangqiwiki.com/assets/official/2026-08-28/5edece0aac41e6aba1d09ce33c00bd84bf98486dedb773018bc1080aeb49416f.webp,官方 2026-08-28,官方卡牌资料,https://wanxiangqiwiki.com/explore/hero-1911
hero-gongsunli,公孙离,英雄牌,2,无阵营,3,3,1,卡面：夺取 开团：场上每有1名已觉醒英雄，攻击速度+15%。 技能「孤鹜断霞」：公孙离朝目标方向丢出纸伞，纸伞到达最远端悬停一段时间后收回。纸伞会对所有首次命中的敌人造成100%物理攻击力的物理伤害，并在悬停处对触碰到的敌人每秒造成100%物理攻击力的物理伤害且降低其40%移动速度。,夺取 开团：场上每有1名已觉醒英雄，攻击速度+15%。,夺取 开团：场上每有1名已觉醒英雄，攻击速度+30%。,远程,5,,1,https://assets.wanxiangqiwiki.com/assets/official/2026-08-28/65b664f1ee97c2fbcc7098a1745fb7b1b6960654890a49567527be155e563c17.webp,官方 2026-08-28,官方卡牌资料,https://wanxiangqiwiki.com/explore/hero-gongsunli
hero-1961,百里守约,英雄牌,2,河洛,3,3,1,卡面：每当你拥有牺牲效果的英雄阵亡时，本回合百里守约的法力值上限-20。 技能「瞄准」：百里守约朝最远的敌人（英雄优先）狙击。子弹对首名命中敌人造成50+700%物理攻击力的物理伤害。,每当你拥有牺牲效果的英雄阵亡时，本回合百里守约的法力值上限-20。,每当你拥有牺牲效果的英雄阵亡时，本回合百里守约的法力值上限-40。,远程,4,,0,https://assets.wanxiangqiwiki.com/assets/official/2026-08-28/c9086e277c32776d9b668720be4c8a1434ad2bebb00ab25e509eabbbf4ef94a1.webp,官方 2026-08-28,官方卡牌资料,https://wanxiangqiwiki.com/explore/hero-1961
hero-1081,墨子,英雄牌,2,逐鹿,3,3,1,卡面：友方单位护盾被击破时，该单位生命值上限永久+30。 技能「墨守成规」：墨子驾驶机关人展开高能屏障，对触碰到屏障的敌人每0.5秒造成30+50%法术攻击力的法术伤害，屏障最多持续2秒。,友方单位护盾被击破时，该单位生命值上限永久+30。,友方单位护盾被击破时，该单位生命值上限永久+60。,近战,1,,0,https://assets.wanxiangqiwiki.com/assets/official/2026-08-28/b019a853b638ba9dd587672da0275289581e41c68eaa515751a5736ced39ad3c.webp,官方 2026-08-28,官方卡牌资料,https://wanxiangqiwiki.com/explore/hero-1081
hero-1951,百里玄策,英雄牌,2,河洛,3,3,1,卡面：闪现 整备：你的闪现英雄上回合每击败过1名敌方英雄，随机1名闪现英雄等级+1（击败次数： 0）。 技能「梦魇钩锁」：玄策舞动钩镰对目标敌人造成50+100%物理攻击力的物理伤害，而后将其甩向玄策身后，落地时造成50+100%物理攻击力的物理伤害并眩晕1秒。,闪现 整备：你的闪现英雄上回合每击败过1名敌方英雄，随机1名闪现英雄等级+1（击败次数： 0）。,闪现 整备：你的闪现英雄上回合每击败过1名敌方英雄，随机1名闪现英雄等级+2（击败次数： 0）。,近战,2,,0,https://assets.wanxiangqiwiki.com/assets/official/2026-08-28/355271399ebef00d4a64c1041ae3aa86947542a247e95c903dc3c1aa6a654ff4.webp,官方 2026-08-28,官方卡牌资料,https://wanxiangqiwiki.com/explore/hero-1951
hero-1051,廉颇,英雄牌,2,逐鹿,3,3,1,卡面：廉颇释放技能时，你的其他英雄获得 5点护盾值。每次使用战术牌会提升该护盾值。 技能「勇士之魂」：廉颇用臂甲砸向目标敌人，获得持续4秒的100点护盾，造成50+80%物理攻击力的物理伤害。,廉颇释放技能时，你的其他英雄获得 5点护盾值。每次使用战术牌会提升该护盾值。,廉颇释放技能时，你的其他英雄获得 10点护盾值。每次使用战术牌会提升该护盾值。,近战,1,,0,https://assets.wanxiangqiwiki.com/assets/official/2026-08-28/87bf8e4045dac337e1476c77bf2c7845cbfc671efcbea4e6f8cb76e39178f5ea.webp,官方 2026-08-28,官方卡牌资料,https://wanxiangqiwiki.com/explore/hero-1051
hero-5271,蒙恬,英雄牌,2,逐鹿,3,3,1,卡面：牺牲：召唤2名与自身等级相同的玄雍士兵。 技能「玄雍众将」：蒙恬召唤出1名玄雍士兵列阵作战（持续20秒，至多2名）。每名士兵会分担蒙恬5%受到的伤害。,牺牲：召唤2名与自身等级相同的玄雍士兵。,牺牲：召唤4名与自身等级相同的玄雍士兵。,近战,1,,0,https://assets.wanxiangqiwiki.com/assets/official/2026-08-28/7a9bc2fc7fd7b59e8c6bef613b404dd3e87051a5ea2d2fac503149fc1f5bd876.webp,官方 2026-08-28,官方卡牌资料,https://wanxiangqiwiki.com/explore/hero-5271
hero-1841,蔡文姬,英雄牌,2,三分之地,3,3,1,卡面：每当你使用【三分】英雄牌时，等级最低的其他3名【三分】英雄等级+1。 技能「思无邪」：被动：蔡文姬施放琴音每秒为自身周围1格的友军恢复30点生命值。,每当你使用【三分】英雄牌时，等级最低的其他3名【三分】英雄等级+1。,每当你使用【三分】英雄牌时，等级最低的其他3名【三分】英雄等级+2。,远程,2,,0,https://assets.wanxiangqiwiki.com/assets/official/2026-08-28/cf7dc851bd8a06f58814f2173ab1d2fc49340e0a7124ac3c7a4dc869f2681e57.webp,官方 2026-08-28,官方卡牌资料,https://wanxiangqiwiki.com/explore/hero-1841
hero-yunzhongjun,云中君,英雄牌,3,大河流域,3,3,1,卡面：闪现 开团：你的英雄每穿戴1件装备，该英雄等级永久+1。 技能「若英·华彩」：云中君展翅舞蹈向周围1格射出羽箭，对命中的敌人造成50+80%物理攻击力的物理伤害，并施加2层撕裂效果。 撕裂：每秒造成目标敌人当前生命值2%的物理伤害，持续5秒，最多叠加5层。,闪现 开团：你的英雄每穿戴1件装备，该英雄等级永久+1。,闪现 开团：你的英雄每穿戴1件装备，该英雄等级永久+2。,近战,1,,1,https://assets.wanxiangqiwiki.com/assets/official/2026-08-28/d9736e1cac52ca596c0c6715f9daf5f6b35447b5e668dd5ff47dccd829e764d9.webp,官方 2026-08-28,官方卡牌资料,https://wanxiangqiwiki.com/explore/hero-yunzhongjun
hero-5641,姬小满,英雄牌,3,日落海,3,3,1,卡面：每当你出售4名场上英雄后，获得1次临时刷新。 技能「强攻代守」：姬小满飞踢敌人造成150+100%物理攻击力的物理伤害，并将其向敌方英雄密集处击退，撞到敌人时停止。,每当你出售4名场上英雄后，获得1次临时刷新。,每当你出售2名场上英雄后，获得1次临时刷新。,近战,1,,1,https://assets.wanxiangqiwiki.com/assets/official/2026-08-28/92e9b0d40d1dfd15facb44c686a4137a74d172ea62043acf4316fd0ce0e0802f.webp,官方 2026-08-28,官方卡牌资料,https://wanxiangqiwiki.com/explore/hero-5641
hero-1771,苍,英雄牌,3,无阵营,3,3,1,卡面：你的召唤单位阵亡时，会对周围敌人造成 25点物理伤害。每次召唤还会额外提升该伤害。 技能「领袖姿态」：被动：狼魂继承苍的攻击速度，狼魂每次攻击会为苍提供2%的物理攻击力，上限30%。 主动：苍召唤1只狼魂（上限3只）向目标敌人位置冲锋，造成50+120%物理攻击力的物理伤害。攻击替换为二连普攻，第一道子弹造成60%物理攻击力的物理伤害，第二道子弹造成80%物理攻击力的物理伤害，状态持续8秒，期间不恢复法力值，假如技能期间狼魂全部阵亡，法力值开始恢复。,你的召唤单位阵亡时，会对周围敌人造成 25点物理伤害。每次召唤还会额外提升该伤害。,你的召唤单位阵亡时，会对周围敌人造成 50点物理伤害。每次召唤还会额外提升该伤害。,远程,4,,0,https://assets.wanxiangqiwiki.com/assets/official/2026-08-28/6cbf8339ed29e10f9161439979c0a20e29886cf8b04470ad1e43036b13250cfd.webp,官方 2026-08-28,官方卡牌资料,https://wanxiangqiwiki.com/explore/hero-1771
hero-1931,铠,英雄牌,3,河洛,3,3,1,卡面：复生 牺牲：你的【河洛】英雄获得5临时等级。 技能「不灭魔躯」：铠使用魔铠武装自身，获得15点伤害减免（减免后不会低于5点）。,复生 牺牲：你的【河洛】英雄获得5临时等级。,完美复生 牺牲：你的【河洛】英雄获得10临时等级。,近战,1,,0,https://assets.wanxiangqiwiki.com/assets/official/2026-08-28/86915a3c3e04bf4b60edcd8493e1e696bb49d4134dbe5a04e214968e131acc58.webp,官方 2026-08-28,官方卡牌资料,https://wanxiangqiwiki.com/explore/hero-1931
hero-1201,白起,英雄牌,3,逐鹿,3,3,1,卡面：每回合首次使用效果牌时，获得1张援护战术。 技能「生命回响」：白起怒吼，立即恢复10%最大生命值，并嘲讽周围1格敌人，持续1秒。,每回合首次使用效果牌时，获得1张援护战术。,每回合首次使用效果牌时，获得1张高阶援护战术。,近战,1,,0,https://assets.wanxiangqiwiki.com/assets/official/2026-08-28/aae3b345b2af505b762ca5d770907925cce5d6bccea4a41b43289e5ef018d719.webp,官方 2026-08-28,官方卡牌资料,https://wanxiangqiwiki.com/explore/hero-1201
hero-5011,明世隐,英雄牌,3,无阵营,3,3,1,卡面：距离最近的英雄，临时等级中的 2级可转化为永久等级。 登场：可转化的等级+2。 技能「泰卦·长生」：被动：明世隐在备战阶段以法器连接1名最近的友方英雄。 主动：明世隐为自身和连接的英雄恢复100+60%法术攻击力的生命值。,距离最近的英雄，临时等级中的 2级可转化为永久等级。 登场：可转化的等级+2。,距离最近的英雄，临时等级中的 4级可转化为永久等级。 登场：可转化的等级+4。,远程,4,,0,https://assets.wanxiangqiwiki.com/assets/official/2026-08-28/fb3cf7b768149dcd3675c4964fe3e926dd26ab258e9717958c02077671ed9d44.webp,官方 2026-08-28,官方卡牌资料,https://wanxiangqiwiki.com/explore/hero-5011
hero-1161,阿轲,英雄牌,3,无阵营,3,3,1,卡面：闪现 登场：自身及随机1名英雄等级+1，棋手生命值每降低10点，重复1次。 技能「弧光」：阿轲挥动双刺发动2次攻击，每次造成30+100%物理攻击力的物理伤害。,闪现 登场：自身及随机1名英雄等级+1，棋手生命值每降低10点，重复1次。,闪现 登场：自身及随机1名英雄等级+2，棋手生命值每降低10点，重复1次。,近战,1,,0,https://assets.wanxiangqiwiki.com/assets/official/2026-08-28/1cb420dd675637ae83c671b7a9b045911dc55817f6258900f0009a2c1bbb3aec.webp,官方 2026-08-28,官方卡牌资料,https://wanxiangqiwiki.com/explore/hero-1161
hero-5181,马超,英雄牌,3,三分之地,3,3,1,卡面：己方施加控制效果时，马超获得15点法力值及5%暴击率。 技能「魔影突袭」：被动：马超靠近冷晖枪时会拾取回收，同时恢复自身100+75%物理攻击力的生命值，并提升5点物理攻击力。 主动：马超立即恢复自身100点生命值，快速突袭至3格内最远的敌人身边，对其造成50+100%物理攻击力的物理伤害并留下1把冷晖枪。,己方施加控制效果时，马超获得15点法力值及5%暴击率。,己方施加控制效果时，马超获得30点法力值及10%暴击率。,近战,1,常小娥四人队,1,https://assets.wanxiangqiwiki.com/assets/official/2026-08-28/4e8d42a3b963e065bffcd8f0a1d013ba9149f8b8ef33d369b2393f057c941148.webp,官方 2026-08-28,官方卡牌资料,https://wanxiangqiwiki.com/explore/hero-5181
hero-5021,裴擒虎,英雄牌,3,无阵营,3,3,1,卡面：闪现 整备：随机获得1名其他英雄等级数一半的临时等级，不可叠加。 技能「虎啸生风」：裴擒虎化身猛虎，提升自身20点物理攻击力以及5点物理和法术防御。 若处于虎形态，则对当前目标敌人发起猛击造成120%物理攻击力的物理伤害。,闪现 整备：随机获得1名其他英雄等级数一半的临时等级，不可叠加。,闪现 整备：随机获得1名其他英雄等级数的临时等级，不可叠加。,近战,1,常小娥四人队,1,https://assets.wanxiangqiwiki.com/assets/official/2026-08-28/15d64ba80b77131eb8ec79320e9a903410bf25f900c1b2fbe741232ca5c03eb2.webp,官方 2026-08-28,官方卡牌资料,https://wanxiangqiwiki.com/explore/hero-5021
hero-1391,老夫子,英雄牌,3,逐鹿,3,3,1,卡面：每回合首次合成时，获得1张招募战术。 技能「举一反三」：老夫子爆发气场，获得30%伤害减免，持续3秒。,每回合首次合成时，获得1张招募战术。,每回合首次合成时，获得1张高阶招募战术。,近战,1,,0,https://assets.wanxiangqiwiki.com/assets/official/2026-08-28/aa76bb3ee31d9742f10000a7d159bc5b08fb9aeaf09a67282fe93ffbaf9008b0.webp,官方 2026-08-28,官方卡牌资料,https://wanxiangqiwiki.com/explore/hero-1391
hero-5231,西施,英雄牌,3,逐鹿,3,3,1,卡面：整备：获得1张推演战术。 技能「幻纱之灵」：西施随机向1个敌人所在位置释放持续3秒的能量球造成50+100%法术攻击力的法术伤害，3秒后能量球爆炸对这些单位造成100+100%法术攻击力的法术伤害。,整备：获得1张推演战术。,整备：获得1张高阶推演战术。,远程,4,,0,https://assets.wanxiangqiwiki.com/assets/official/2026-08-28/925db0046ef33fc8842083660138851d4adbac2fc5b0c6672a67da1069980ec7.webp,官方 2026-08-28,官方卡牌资料,https://wanxiangqiwiki.com/explore/hero-5231
hero-1141,刘禅,英雄牌,3,三分之地,3,3,1,卡面：你的英雄释放技能时，该英雄获得2临时等级。 技能「机关魔爪」：刘禅操作机关魔爪对当前目标敌人造成50+100%物理攻击力的物理伤害并眩晕1秒，自身获得100点护盾，持续4秒。,你的英雄释放技能时，该英雄获得2临时等级。,你的英雄释放技能时，该英雄获得4临时等级。,近战,1,,0,https://assets.wanxiangqiwiki.com/assets/official/2026-08-28/b73fe6d119329a1cd38645ca0539858c46672f63a1aea4a3933b8e883966e47a.webp,官方 2026-08-28,官方卡牌资料,https://wanxiangqiwiki.com/explore/hero-1141
hero-5111,猪八戒,英雄牌,3,无阵营,3,3,1,卡面：夺取 每当3阶及以下英雄合成时，与其同阶的英雄等级+1。 技能「肉弹蹦床」：被动：猪八戒每承受600点伤害将永久提升45点最大生命值并增大体型，但降低1%移动速度，最多叠加30层。 主动：猪八戒奋力跳起，落地时震击地面，对附近1格敌人造成7%最大生命值的法术伤害。,夺取 每当3阶及以下英雄合成时，与其同阶的英雄等级+1。,夺取 每当3阶及以下英雄合成时，与其同阶的英雄等级+2。,近战,1,,0,https://assets.wanxiangqiwiki.com/assets/official/2026-08-28/e0041c4e31cdedf92e2cd1055396f2a0b94cbd160c9168f7aa9fd2a8472a88cf.webp,官方 2026-08-28,官方卡牌资料,https://wanxiangqiwiki.com/explore/hero-5111
hero-1441,程咬金,英雄牌,3,河洛,3,3,1,卡面：整备：获得1张古币，对自身使用1张古币。 技能「正义潜能」：程咬金迸发出自身的正义热情，3秒内恢复35+10%最大生命值的生命值。,整备：获得1张古币，对自身使用1张古币。,整备：获得1张精致古币，对自身使用1张精致古币。,近战,1,,0,https://assets.wanxiangqiwiki.com/assets/official/2026-08-28/7669a015aed8a6b975612617c1606950db5bc5c9ee2f7e969fb4fdfaab0c67e7.webp,官方 2026-08-28,官方卡牌资料,https://wanxiangqiwiki.com/explore/hero-1441
hero-1331,狄仁杰,英雄牌,3,河洛,3,3,1,卡面：对狄仁杰使用古币时，其攻击速度永久+5%。 技能「迅捷」：狄仁杰激发潜能，获得1层迅捷效果，增加自身40%基础攻击速度，持续5秒，若已经达到攻速上限，则获得3%物理攻击力，最多叠加3次。,对狄仁杰使用古币时，其攻击速度永久+5%。,对狄仁杰使用古币时，其攻击速度永久+10%。,远程,5,,0,https://assets.wanxiangqiwiki.com/assets/official/2026-08-28/35bb5d710ff6dde31200a6dedc5f78d020b912178998637d2aab4104481e4a1e.webp,官方 2026-08-28,官方卡牌资料,https://wanxiangqiwiki.com/explore/hero-1331
hero-zhangliang,张良,英雄牌,3,大河流域,3,3,1,卡面：每当你的单位触发开团效果时，场上随机3名己方英雄等级永久+1。 技能「言灵·操纵」：张良以言灵之术抓住1名敌人，持续1.5秒，期间每0.5秒造成100点法术伤害，并持续压制对方。,每当你的单位触发开团效果时，场上随机3名己方英雄等级永久+1。,每当你的单位触发开团效果时，所有英雄等级永久+1。,远程,4,大河图腾流,1,https://assets.wanxiangqiwiki.com/assets/official/2026-08-28/581532c625ac5ba9db0a151dc15446010ed7f25d2d67fd696414a0007263d812.webp,官方 2026-08-28,官方卡牌资料,https://wanxiangqiwiki.com/explore/hero-zhangliang
hero-shaosiyuan,少司缘,英雄牌,3,大河流域,3,3,1,卡面：在场时，召唤因缘图腾。 技能「因缘际会」：少司缘指挥成群的缘崽向前拥簇飞行，恢复沿途友军100+50%法术攻击力的生命值。,在场时，召唤因缘图腾。,在场时，召唤并强化因缘图腾。,远程,5,大河图腾流,1,https://assets.wanxiangqiwiki.com/assets/official/2026-08-28/2789839b8838fedd005aeddfe4a39a35f2ea2d3b54aa2a028e5da76d568522ad.webp,官方 2026-08-28,官方卡牌资料,https://wanxiangqiwiki.com/explore/hero-shaosiyuan
hero-1661,亚瑟,英雄牌,3,日落海,3,3,1,卡面：每当你使用【日落海】英雄牌时，阿科米亚核心等级+3。 技能「誓约之盾」：亚瑟召唤圣盾围绕自身旋转，持续5秒。每秒对1格内敌人造成50%物理攻击力的物理伤害并获得15%伤害减免，亚瑟每次参与击杀获得30点最大生命值。,每当你使用【日落海】英雄牌时，阿科米亚核心等级+3。,每当你使用【日落海】英雄牌时，阿科米亚核心等级+6。,近战,1,,1,https://assets.wanxiangqiwiki.com/assets/official/2026-08-28/98f4db92afe01bbc1b6041c1416fe17fd67c80ea96692180f1499dca603d0f4c.webp,官方 2026-08-28,官方卡牌资料,https://wanxiangqiwiki.com/explore/hero-1661
hero-1751,钟馗,英雄牌,3,河洛,3,3,1,卡面：自身及左右1格的英雄获得牺牲：击败者等级临时降低10%（每场战斗限1次）。 技能「湮灭之锁」：钟馗投出钩锁，将距离自己最远的1名敌人拉到身边，造成50+100%法术攻击力的法术伤害，并使其成为友军的优先攻击目标。,自身及左右1格的英雄获得牺牲：击败者等级临时降低10%（每场战斗限1次）。,自身及左右1格的英雄获得牺牲：击败者等级临时降低20%（每场战斗限1次）。,近战,1,,0,https://assets.wanxiangqiwiki.com/assets/official/2026-08-28/9e260349a266470964af1da551c2c35f908f1a2fb80434d3adb3f03b8b00b817.webp,官方 2026-08-28,官方卡牌资料,https://wanxiangqiwiki.com/explore/hero-1751
hero-1411,貂蝉,英雄牌,3,三分之地,3,3,1,卡面：登场：【三分】英雄等级+1。 技能「语·花印」：貂蝉向周围2格的随机敌人施放5朵花球，每朵花球造成50+40%法术攻击力的法术伤害并降低敌人70%生命恢复效果，持续5秒。,登场：【三分】英雄等级+1。,登场：【三分】英雄等级+2。,远程,2,,0,https://assets.wanxiangqiwiki.com/assets/official/2026-08-28/3fdc7d8d6fb88454d6f5f1eef55ddc5c7ecb46b8fea553b7c62cf249b01df70d.webp,官方 2026-08-28,官方卡牌资料,https://wanxiangqiwiki.com/explore/hero-1411
hero-1421,安琪拉,英雄牌,3,日落海,3,3,1,卡面：整备：自身及阿科米亚核心等级+2。 技能「炽热光辉」：安琪拉引导魔力朝敌人最多的方向施放炽热光辉，持续3秒，对路径上的敌人每0.1秒造成10%法术攻击力的法术伤害。,整备：自身及阿科米亚核心等级+2。,整备：自身及阿科米亚核心等级+2，触发2次。,远程,5,日落海整备流,1,https://assets.wanxiangqiwiki.com/assets/official/2026-08-28/ffa74cb1d8dc44b5124ebb5f4c829e911be9ff36c33cd845de21a616ebca8d06.webp,官方 2026-08-28,官方卡牌资料,https://wanxiangqiwiki.com/explore/hero-1421
hero-5051,瑶,英雄牌,3,大河流域,3,3,1,卡面：开团：自身的首件普通装备分享给随机3名友方英雄（持续15秒）。 技能「独立兮山之上」：被动：瑶在备战阶段，选择最近的友方英雄作为保护目标并在开战时附身其上。附身提供200+20%瑶最大生命值的护盾，以及10点双攻和5点双防，直到目标被击败。附身期间瑶会每2秒随机攻击至多2名敌人，造成50+50%法术伤害。,开团：自身的首件普通装备分享给随机3名友方英雄（持续15秒）。,开团：自身的首件普通装备分享给随机3名友方英雄。,远程,4,常小娥四人队,1,https://assets.wanxiangqiwiki.com/assets/official/2026-08-28/3bb62f50dfcf1a7c8ecc48889496d143450678987bbcef66af568926ffd06173.webp,官方 2026-08-28,官方卡牌资料,https://wanxiangqiwiki.com/explore/hero-5051
hero-5311,镜,英雄牌,3,逐鹿,3,3,1,卡面：闪现 每使用2张效果牌，等级+1。 技能「裂空」：镜旋转攻击，对当前目标敌人造成60+80%物理攻击力的物理伤害。,闪现 每使用2张效果牌，等级+1。,闪现 每使用2张效果牌，等级+2。,近战,1,,0,https://assets.wanxiangqiwiki.com/assets/official/2026-08-28/5810bbc25499c3ec647dc9e170cc3f811c73e19c62fe2e4ea76016def4326f09.webp,官方 2026-08-28,官方卡牌资料,https://wanxiangqiwiki.com/explore/hero-5311
hero-1591,朵莉亚,英雄牌,3,日落海,3,3,1,卡面：每当你的英雄触发整备效果时，随机3名英雄及阿科米亚核心等级+1。 技能「逐浪」：被动：朵莉亚在自身创建的水域内会化身人鱼形态。普通攻击会额外恢复5点法力值，对目标附带50%法术攻击力的法术伤害，在水域内再次施放技能，原水域消失形成新水域。 主动：跃向3格内友军密集处创造一片水域，水域持续10秒，朵莉亚在水域中化身人鱼形态，落地立即恢复范围内友军75+100%法术攻击力的生命值，10点法力值（法力值恢复不对朵莉亚生效），水域每秒恢复范围内友军50%法术攻击力的生命值，朵莉亚离开水域时水域消失并且恢复人形态。,每当你的英雄触发整备效果时，随机3名英雄及阿科米亚核心等级+1。,每当你的英雄触发整备效果时，己方所有英雄及阿科米亚核心等级+1。,远程,4,日落海整备流,1,https://assets.wanxiangqiwiki.com/assets/official/2026-08-28/8c81c0f40bd78298e46ad8144f35f4149431c16a03168e3aa4ebe9a6e0226e92.webp,官方 2026-08-28,官方卡牌资料,https://wanxiangqiwiki.com/explore/hero-1591
hero-5451,莱西奥,英雄牌,4,日落海,3,3,1,卡面：每当你出售2名场上英雄后，阿科米亚核心等级+1。 技能「传奇英雄登场」：被动：莱西奥每8次普攻，会使用小火鹰发射1枚强化飞弹，对目标造成150%物理攻击力的物理伤害并且对周围1格敌人造成50%物理攻击力的物理伤害，若未发射，则充能1层，最多储存5层。 主动：莱西奥扔出烟雾弹制造1片烟雾，使处于烟雾中的英雄不会被优先攻击，并且增加30%攻击速度。,每当你出售2名场上英雄后，阿科米亚核心等级+1。,每当你出售场上英雄后，阿科米亚核心等级+1。,远程,4,,1,https://assets.wanxiangqiwiki.com/assets/official/2026-08-28/20f69b5d19481273814528190bd54efcc8f67595ded0c1336b81179a1dcf944c.webp,官方 2026-08-28,官方卡牌资料,https://wanxiangqiwiki.com/explore/hero-5451
hero-5131,上官婉儿,英雄牌,4,河洛,3,3,1,卡面：整备：随机对3名不同【河洛】英雄使用1张古币。 技能「篆法·疾势」：上官婉儿朝最远处的敌人挥出1记笔墨，对沿途敌人造成100+100%法术攻击力的法术伤害。,整备：随机对3名不同【河洛】英雄使用1张古币。,整备：随机对6名不同【河洛】英雄使用1张古币。,远程,4,,0,https://assets.wanxiangqiwiki.com/assets/official/2026-08-28/df4906ba7bc76774c13f4c944d9d81264e69733db58311e09544f22f0dd304e5.webp,官方 2026-08-28,官方卡牌资料,https://wanxiangqiwiki.com/explore/hero-5131
hero-3551,艾琳,英雄牌,4,日落海,3,3,1,卡面：开团：艾琳获得自身等级×1%的攻击速度。 技能「叶舞·致意」：被动：艾琳每次普攻为自己累积1层月桂祝福，当达到10/20层时，艾琳的技能会获得进化。 主动：艾琳向当前目标敌人发出1束月桂叶，造成100%法术攻击力的法术伤害。 10层进化：若周围2格有敌人，则位移至敌人较少处，随后向目标发出1片月桂飞叶，造成100%法术攻击力的法术伤害。 20层进化：若周围2格有敌人，则位移至敌人较少处，向目标发出5片月桂飞叶，每片造成100%法术攻击力的法术伤害。,开团：艾琳获得自身等级×1%的攻击速度。,开团：艾琳获得自身等级×2%的攻击速度。,远程,5,,1,https://assets.wanxiangqiwiki.com/assets/official/2026-08-28/9a1376086afb7e8df0578073a963e6c73509226abdd3dc322e0463cf708d6d50.webp,官方 2026-08-28,官方卡牌资料,https://wanxiangqiwiki.com/explore/hero-3551
hero-1191,扁鹊,英雄牌,4,逐鹿,3,3,1,卡面：友方单位护盾被击破时，对周围敌人造成该英雄最大生命值10%的法术伤害（冷却1秒）。 技能「万变灵药」：扁鹊朝场上生命值比例最低的3个单位扔出药瓶，药瓶触地后破碎留下药液，持续5秒。处于药液中的友军每秒恢复20+60%法术攻击力的生命值，处于药液中的敌人每秒受到20+60%法术攻击力的法术伤害，效果可叠加。,友方单位护盾被击破时，对周围敌人造成该英雄最大生命值10%的法术伤害（冷却1秒）。,友方单位护盾被击破时，对周围敌人造成该英雄最大生命值20%的法术伤害（冷却1秒）。,远程,4,,0,https://assets.wanxiangqiwiki.com/assets/official/2026-08-28/646afeeb0320c884dd084e74ac92f0716fdcf190fef5f8d5b0150f880c3a9412.webp,官方 2026-08-28,官方卡牌资料,https://wanxiangqiwiki.com/explore/hero-1191
hero-yingzheng,嬴政,英雄牌,4,逐鹿,3,3,1,卡面：开团：法术攻击力+ 7。每次使用战术牌会提升该加成。 技能「至尊王权」：嬴政展示王权，锁定最近的敌人，在5秒内号令80把飞剑朝其冲击，每把飞剑造成10+10%法术攻击力的法术伤害。若当前路径上没有敌人，嬴政会立即转向下个目标。,开团：法术攻击力+ 7。每次使用战术牌会提升该加成。,开团：法术攻击力+ 14。每次使用战术牌会提升该加成。,远程,5,,0,https://assets.wanxiangqiwiki.com/assets/official/2026-08-28/40683bf1f97155c6d52dc08a129389d9971461f9bdbe38df9ca03f3c6b982c6d.webp,官方 2026-08-28,官方卡牌资料,https://wanxiangqiwiki.com/explore/hero-yingzheng
hero-lixin,李信,英雄牌,4,河洛,3,3,1,卡面：每当你拥有牺牲效果的英雄阵亡时，李信临时等级+7。 技能「力量觉醒」：李信免控并短暂蓄力后当前方向挥出1道剑气，对命中的敌人造成50+180%物理攻击力的物理伤害。,每当你拥有牺牲效果的英雄阵亡时，李信临时等级+7。,每当你拥有牺牲效果的英雄阵亡时，李信临时等级+14。,远程,4,,0,https://assets.wanxiangqiwiki.com/assets/official/2026-08-28/edbfc3965148f7e890dbc558da510e8a709dd53a0b695440b11b16c001fd1ab2.webp,官方 2026-08-28,官方卡牌资料,https://wanxiangqiwiki.com/explore/hero-lixin
hero-1311,李白,英雄牌,4,河洛,3,3,1,卡面：闪现 古币牌会额外提供4临时等级。若目标为李白，该临时等级会额外+3。 技能「青莲剑歌」：被动：李白施放技能时会积累1道剑气，最多4道。每道剑气提升10%基础物理攻击力。 主动：李白施展剑阵，降低目标敌人及其相邻敌人6点物理防御。随后化身剑气施展6次斩击，每次造成80%物理攻击力的物理伤害，伤害由范围内的敌人平均分摊。,闪现 古币牌会额外提供4临时等级。若目标为李白，该临时等级会额外+3。,闪现 古币牌会额外提供8临时等级。若目标为李白，该临时等级会额外+6。,近战,1,,0,https://assets.wanxiangqiwiki.com/assets/official/2026-08-28/c9cc1a3e0e164414f72f29e955a09ad470f1a6caff49b88769d4ac10da1fb9a5.webp,官方 2026-08-28,官方卡牌资料,https://wanxiangqiwiki.com/explore/hero-1311
hero-1831,雅典娜,英雄牌,4,日落海,3,3,1,卡面：开团：随机触发2名【日落海】英雄的整备效果。 技能「敬畏圣盾」：雅典娜举起圣盾，获得免控以及持续6秒15%最大生命值的护盾。2秒后雅典娜将使用圣盾反击，对附近1格敌人造成30点法术伤害。,开团：随机触发2名【日落海】英雄的整备效果。,开团：随机触发4名【日落海】英雄的整备效果。,近战,1,日落海整备流,1,https://assets.wanxiangqiwiki.com/assets/official/2026-08-28/313588af4713c919e898bd06f899440313a1f9a09397dcd6dd31e6a897c04f53.webp,官方 2026-08-28,官方卡牌资料,https://wanxiangqiwiki.com/explore/hero-1831
hero-1861,太乙真人,英雄牌,4,无阵营,3,3,1,卡面：开团：使距离最近的1名英雄获得复生。 技能「第三只手」：太乙真人将自身拉向最远敌人，并嘲讽周围1格的敌人。,开团：使距离最近的1名英雄获得复生。,开团：使距离最近的1名英雄获得完美复生。,近战,1,大河图腾流,1,https://assets.wanxiangqiwiki.com/assets/official/2026-08-28/2a7efa2a8be78467cb503e8b4edf52be0f412994adc90c444f5a3a0a15f19d87.webp,官方 2026-08-28,官方卡牌资料,https://wanxiangqiwiki.com/explore/hero-1861
hero-1671,孙悟空,英雄牌,4,无阵营,3,3,1,卡面：闪现，夺取 整备：拥有闪现效果的英雄等级+2。 技能「大圣神威」：孙悟空挥舞金箍棒砸向前方，造成100+400%物理攻击力的物理伤害。,闪现，夺取 整备：拥有闪现效果的英雄等级+2。,闪现，夺取 整备：拥有闪现效果的英雄等级+4。,近战,1,,0,https://assets.wanxiangqiwiki.com/assets/official/2026-08-28/06307c35d7c8936db4eee2d58b6bca016cb9febfeb05d4540ed4de10c9d4822d.webp,官方 2026-08-28,官方卡牌资料,https://wanxiangqiwiki.com/explore/hero-1671
hero-1271,甄姬,英雄牌,4,三分之地,3,3,1,卡面：登场：获得1张其他的登场英雄牌。 技能「叹息水流」：甄姬施放水流冲击当前目标敌人并弹向3格内最远的敌人，最多弹射4次，每次造成30+40%法术攻击力的法术伤害。敌人在3秒内受到3次水流伤害后会被冻结1秒。若目标附近无其他敌人则直接对其造成3倍水流伤害并直接被冻结。,登场：获得1张其他的登场英雄牌。,登场：从3张其他的登场英雄牌中选择1张。,远程,4,,0,https://assets.wanxiangqiwiki.com/assets/official/2026-08-28/66a9503b26e88c2fb9d9140713dfdb557c7b50ec45a2d65be019ef5201d2e5d8.webp,官方 2026-08-28,官方卡牌资料,https://wanxiangqiwiki.com/explore/hero-1271
hero-1061,小乔,英雄牌,4,三分之地,3,3,1,卡面：每当你的英雄触发登场效果时，随机3名英雄等级+1。 技能「甜蜜恋风」：小乔持续引导1道旋风吹起最近的敌人，使其浮空并每0.2秒受到10%法术攻击力的法术伤害，最多3秒。,每当你的英雄触发登场效果时，随机3名英雄等级+1。,每当你的英雄触发登场效果时，所有英雄等级+1。,远程,4,,0,https://assets.wanxiangqiwiki.com/assets/official/2026-08-28/829539cc964045430716bdc82abc19f2d77c493eb43860764dd0eac0a9dd98cc.webp,官方 2026-08-28,官方卡牌资料,https://wanxiangqiwiki.com/explore/hero-1061
hero-5171,大司命,英雄牌,4,大河流域,3,3,1,卡面：在场时，召唤往生图腾。 每当你触发牺牲效果时：往生图腾等级永久+2并获得50点法力值。 技能「魂归忘忧」：被动：大司命的普通攻击会持续连接敌人，在3秒内造成5次伤害，每次造成50%物理攻击力的物理伤害。 主动：大司命神巫之力全开，从天而临对附近2格敌人造成150+200%物理攻击力的物理伤害并恢复100+5%最大生命值的生命值。同时凝聚1名范围内敌人的灵体协助战斗（视作召唤物）。之后进入神巫状态，无法恢复法力值，但普攻会恢复10+1%最大生命值的生命值。 灵体继承大司命部分属性，并且在大司命神巫状态攻击时，获得同样的生命恢复效果。,在场时，召唤往生图腾。 每当你触发牺牲效果时：往生图腾等级永久+2并获得50点法力值。,在场时，召唤往生图腾。 每当你触发牺牲效果时：往生图腾等级永久+4并获得50点法力值。,远程,2,大河图腾流,1,https://assets.wanxiangqiwiki.com/assets/official/2026-08-28/3d61be16e140c673914efc8d53bd2634433e680d0445edd9211a92cfccc48873.webp,官方 2026-08-28,官方卡牌资料,https://wanxiangqiwiki.com/explore/hero-5171
hero-1131,庄周,英雄牌,4,逐鹿,3,3,1,卡面：登场：自身等级+2并获得1张招募战术。 技能「天人合一」：庄周幻化梦域保护队友和自身，驱散自身和左右两边2格内友军，并获得200点护盾，持续5秒。,登场：自身等级+2并获得1张招募战术。,登场：自身等级+4并获得1张高阶招募战术。,近战,1,,0,https://assets.wanxiangqiwiki.com/assets/official/2026-08-28/d86d795b743353b1ed8b7167f1c010032b1695afd45688d1ed4e44f21b09030c.webp,官方 2026-08-28,官方卡牌资料,https://wanxiangqiwiki.com/explore/hero-1131
hero-1491,刘邦,英雄牌,4,大河流域,3,3,1,卡面：开团：摧毁你所有的图腾，每摧毁1个，刘邦等级永久+5。 技能「统御战场」：刘邦在4秒内将普攻切换为范围横扫，期间每秒获得50点护盾。被横扫的敌人会被打上印记，友方造成伤害时会消耗标记，造成50+30%法术攻击力的法术伤害。,开团：摧毁你所有的图腾，每摧毁1个，刘邦等级永久+5。,开团：摧毁你所有的图腾，每摧毁1个，刘邦等级永久+10。,近战,1,大河图腾流,1,https://assets.wanxiangqiwiki.com/assets/official/2026-08-28/dc3708978bab570d8bfc5912122a03249eade65f01fc7b594d1c8336e6387caf.webp,官方 2026-08-28,官方卡牌资料,https://wanxiangqiwiki.com/explore/hero-1491
hero-1901,诸葛亮,英雄牌,4,三分之地,3,3,1,卡面：你的其他英雄释放技能时，诸葛亮获得15点法力值以及4临时等级。 技能「元气弹」：诸葛亮发射元气弹对当前目标造成150+100%法术攻击力的法术伤害，并对其相邻敌人造成40%伤害。,你的其他英雄释放技能时，诸葛亮获得15点法力值以及4临时等级。,你的其他英雄释放技能时，诸葛亮获得30点法力值以及8临时等级。,远程,4,,0,https://assets.wanxiangqiwiki.com/assets/official/2026-08-28/17f0071fbf52aae8e82d6e9cfda27ae3ee1bbbf84d63576a56751699110a74fd.webp,官方 2026-08-28,官方卡牌资料,https://wanxiangqiwiki.com/explore/hero-1901
hero-1501,韩信,英雄牌,4,大河流域,3,3,1,卡面：闪现 每当你的英雄触发整备或开团效果时，韩信等级永久+1。 技能「国士无双」：被动：韩信每第3次普攻击飞敌人1秒，造成160%物理攻击力的物理伤害，并且每击败1名敌军增加10%基础攻击速度。 主动：韩信枪挑敌人造成击飞和100点物理伤害。,闪现 每当你的英雄触发整备或开团效果时，韩信等级永久+1。,闪现 每当你的英雄触发整备或开团效果时，韩信等级永久+2。,近战,1,,0,https://assets.wanxiangqiwiki.com/assets/official/2026-08-28/4ef1b19fae996aa459b767fc7279c081cdea07fba95ac35c3353eb6328ac4e7d.webp,官方 2026-08-28,官方卡牌资料,https://wanxiangqiwiki.com/explore/hero-1501
hero-mengya,蒙犽,英雄牌,4,逐鹿,3,3,1,卡面：登场：获得1张特训战术。 技能「飞弹援袭」：蒙犽发射8枚导弹攻击随机敌人，每枚造成30+100%物理攻击力的物理伤害。多枚导弹命中同一目标时，后续伤害衰减40%。,登场：获得1张特训战术。,登场：获得1张高阶特训战术。,远程,5,,0,https://assets.wanxiangqiwiki.com/assets/official/2026-08-28/952500e5d65d3f78d7600136796923b793b862063917d7b1f8e1489416f988a3.webp,官方 2026-08-28,官方卡牌资料,https://wanxiangqiwiki.com/explore/hero-mengya
hero-donghuang,东皇太一,英雄牌,5,大河流域,3,3,1,卡面：图腾不会被优先攻击。 开团：获得每个图腾等级数15%的临时等级。 技能「堕神契约」：被动：东皇太一创造3颗能量球绕自身转动。能量球触碰到敌人时会造成其3%最大生命值的法术伤害并恢复东皇3%的最大生命值。 主动：东皇太一施展堕神契约压制目标敌人5秒，期间双方承受等量伤害。若期间目标距离过远，则效果提前中断。,图腾不会被优先攻击。 开团：获得每个图腾等级数15%的临时等级。,图腾不会被优先攻击。 开团：获得每个图腾等级数30%的临时等级。,近战,1,大河图腾流,1,https://assets.wanxiangqiwiki.com/assets/official/2026-08-28/f5656cacfaf076ced2c930ff17fa3b54b315525bc53d706b979535ab048caca1.webp,官方 2026-08-28,官方卡牌资料,https://wanxiangqiwiki.com/explore/hero-donghuang
hero-aoyin,敖隐,英雄牌,5,大河流域,3,3,1,卡面：战斗中，每个图腾每4秒为敖隐提供16%攻击速度和4临时等级。 技能「隐介藏形」：敖隐唤出白龙冲向敌人密集处，造成100+75%物理攻击力的物理伤害。,战斗中，每个图腾每4秒为敖隐提供16%攻击速度和4临时等级。,战斗中，每个图腾每4秒为敖隐提供32%攻击速度和8临时等级。,远程,5,大河图腾流,1,https://assets.wanxiangqiwiki.com/assets/official/2026-08-28/58e952efd176ef02ed0050dc0b46cbed547088750017a017e2985b5ec09de26e.webp,官方 2026-08-28,官方卡牌资料,https://wanxiangqiwiki.com/explore/hero-aoyin
hero-5251,鲁班大师,英雄牌,5,逐鹿,3,3,1,卡面：鲁班大师在场时，召唤1个等级与自身相同的机关傀儡。 技能「助推跳跃」：鲁班大师跃入敌人最密集处连接3格内1名敌人并强制拽离，在落地后造成50+60%法术攻击力的法术伤害并眩晕0.5秒。,鲁班大师在场时，召唤1个等级与自身相同的机关傀儡。,鲁班大师在场时，召唤1个等级与自身相同的机关傀儡·改。,近战,1,,0,https://assets.wanxiangqiwiki.com/assets/official/2026-08-28/fd7569f09d924cab7f8d8bd1bcf32958059da2033cf1ff79b12051da63856fc9.webp,官方 2026-08-28,官方卡牌资料,https://wanxiangqiwiki.com/explore/hero-5251
hero-mulan,花木兰,英雄牌,5,河洛,3,3,1,卡面：本回合每使用4张古币牌，获得1次复生（总复生次数： 1）。 牺牲：临时等级+10。 技能「长城巡守者」：被动：花木兰可以通过战场上的剑切换形态，两种形态的基础属性不同。 主动：轻剑形态下，挥舞双剑对目标发起7段攻击，每段造成80%物理攻击力的物理伤害。 重剑形态下，蓄力3秒后，将前方区域内敌人击飞并眩晕1.5秒，造成80+60%物理攻击力的物理伤害。蓄力期间自身处于免控状态。,本回合每使用4张古币牌，获得1次复生（总复生次数： 1）。 牺牲：临时等级+10。,本回合每使用4张古币牌，获得1次复生（总复生次数： 1）。 牺牲：临时等级+20。,近战,1,,0,https://assets.wanxiangqiwiki.com/assets/official/2026-08-28/09ce9e950cb0dd6890be6ed3dd6d1a0920d036cd8c24885fdbd361185aad180c.webp,官方 2026-08-28,官方卡牌资料,https://wanxiangqiwiki.com/explore/hero-mulan
hero-sikongzhen,司空震,英雄牌,5,河洛,3,3,1,卡面：你的其他英雄获得临时等级时，司空震获得一半效果（不超过自身真实等级的1倍）。 技能「雷霆万钧」：司空震升入空中，使用雷鼓轰击全场敌人，造成50+65%法术攻击力的法术伤害。 雷霆之王：基础攻击速度增加15%。普攻能产生可传导3次的闪电链，造成75+50%法术攻击力的法术伤害，伤害逐次递减25%。闪电链伤害的40%会转化为自身护盾，上限300点。,你的其他英雄获得临时等级时，司空震获得一半效果（不超过自身真实等级的1倍）。,你的其他英雄获得临时等级时，司空震获得全部效果（不超过自身真实等级的2倍）。,远程,5,常小娥四人队,1,https://assets.wanxiangqiwiki.com/assets/official/2026-08-28/56596d826b7e4daeddfabdb5cfd4f419e0300a3bd2f2c393cf75255ae7a781d8.webp,官方 2026-08-28,官方卡牌资料,https://wanxiangqiwiki.com/explore/hero-sikongzhen
hero-1481,姜子牙,英雄牌,5,无阵营,3,3,1,卡面：你每次使用不在场的阵营以及无阵营的英雄牌时，姜子牙和随机3名其他不同阵营的英雄等级+1。 技能「天人法则」：姜子牙变为天人形态，获得免控并朝最远的敌方汇聚天地能量2秒，发射1道冲击波对路径上的敌人造成80+80%法术攻击力的法术伤害。同一单位被多道冲击波命中时，伤害每次衰减15%，至多60%。,你每次使用不在场的阵营以及无阵营的英雄牌时，姜子牙和随机3名其他不同阵营的英雄等级+1。,你每次使用不在场的阵营以及无阵营的英雄牌时，姜子牙和随机3名其他不同阵营的英雄等级+2。,远程,6,,1,https://assets.wanxiangqiwiki.com/assets/official/2026-08-28/e7606654dc2043379a5543fc7a79c3d47da2bf748392f284074e12904d213052.webp,官方 2026-08-28,官方卡牌资料,https://wanxiangqiwiki.com/explore/hero-1481
hero-1361,武则天,英雄牌,5,河洛,3,3,1,卡面：古币牌提升的等级+1。 登场：获得1张精致古币。 技能「君命无二」：武则天以女帝权威施行制裁，持续吟唱8秒，每隔0.75秒随机选择1名敌人，在其脚下召唤法阵并引爆，命中时造成100+75%法术攻击力的法术伤害，并使其生命恢复效果降低50%，持续6秒（不可叠加）。法阵在3秒内连续命中相同敌人时，伤害将衰减15%，最多45%。,古币牌提升的等级+1。 登场：获得1张精致古币。,古币牌提升的等级+2。 登场：获得2张精致古币。,远程,4,,0,https://assets.wanxiangqiwiki.com/assets/official/2026-08-28/8e21dad39aa3a85e7b23919e161999749a350dd2d843cf932123454debf680be.webp,官方 2026-08-28,官方卡牌资料,https://wanxiangqiwiki.com/explore/hero-1361
hero-lvbu,吕布,英雄牌,5,三分之地,3,3,1,卡面：开团：等级最高的3名【三分】英雄获得20%物理和法术吸血，若目标为吕布，效果翻倍。 技能「魔神降世」：被动：吕布的普通攻击能对身前敌人造成范围伤害。 主动：吕布跃入敌人密集区域，将2格内敌人击飞1秒并造成120+120%物理攻击力的物理伤害，降低其70%生命恢复效果，持续5秒。每命中1名敌人恢复5%最大生命值并在接下来的5秒内提升20%物理吸血。,开团：等级最高的3名【三分】英雄获得20%物理和法术吸血，若目标为吕布，效果翻倍。,开团：等级最高的6名【三分】英雄获得20%物理和法术吸血，若目标为吕布，效果翻倍。,近战,1,,0,https://assets.wanxiangqiwiki.com/assets/official/2026-08-28/cecbc2b9412388adde4f3123f209af6ce5e09e036f2d4a804c73befbda0a0aea.webp,官方 2026-08-28,官方卡牌资料,https://wanxiangqiwiki.com/explore/hero-lvbu
hero-haiyue,海月,英雄牌,5,无阵营,3,3,1,卡面：牺牲：将敌方等级最高的英雄困入水月幻境控制4秒，并造成等同于海月生命值的真实伤害。 技能「流光」：被动：海月的生命恢复效果大幅降低，但获得护盾时会转化25%护盾值为最大生命值。 主动：海月发出3枚琉璃法球，第1枚对目标敌人造成100+150%法术攻击力的法术伤害。随后2枚对附近敌人造成的伤害减半。,牺牲：将敌方等级最高的英雄困入水月幻境控制4秒，并造成等同于海月生命值的真实伤害。,牺牲：将敌方等级最高的英雄困入水月幻境控制4秒，并造成等同于海月生命值150%的真实伤害。,远程,2,常小娥四人队,1,https://assets.wanxiangqiwiki.com/assets/official/2026-08-28/eb6ea7c6102318cc1c1c8638947677f91b270500be33b2e259bb2d44be8f1f9c.webp,官方 2026-08-28,官方卡牌资料,https://wanxiangqiwiki.com/explore/hero-haiyue
hero-1121,鲁班七号,英雄牌,5,逐鹿,3,3,1,卡面：你的英雄每合成3次，随机获得1张战术牌。 技能「空中支援」：鲁班七号呼唤河豚飞艇朝战场投掷4枚炸弹。炸弹对命中敌人造成50+80%物理攻击力的物理伤害并留下弹坑。弹坑中的敌人每秒受到80%物理攻击力的物理伤害，并降低70%生命恢复效果，持续4秒，效果不可叠加。,你的英雄每合成3次，随机获得1张战术牌。,你的英雄每合成3次，随机获得1张高阶战术牌。,远程,5,,0,https://assets.wanxiangqiwiki.com/assets/official/2026-08-28/73372e512eaa08814232529b874dc62f1f352d3538d93e3f8370d5b43befda88.webp,官方 2026-08-28,官方卡牌资料,https://wanxiangqiwiki.com/explore/hero-1121
hero-hainuo,海诺,英雄牌,5,日落海,3,3,1,卡面：每当阿科米亚核心等级提升时，核心等级额外+1。 技能「追芒」：海诺朝目标方向掷出能量化的命运神杖，对命中的敌人造成100+150%法术攻击力的法术伤害并朝目标敌人附近2名敌人掷出子杖，造成50+100%法术攻击力的法术伤害。,每当阿科米亚核心等级提升时，核心等级额外+1。,每当阿科米亚核心等级提升时，核心等级额外+2。,远程,5,日落海整备流,1,https://assets.wanxiangqiwiki.com/assets/official/2026-08-28/044f25e5f6944b53eccdecd89839ec1815c902ed2aa925b50c10917957310da6.webp,官方 2026-08-28,官方卡牌资料,https://wanxiangqiwiki.com/explore/hero-hainuo
hero-luna,露娜,英雄牌,5,日落海,3,3,1,卡面：闪现 登场：阿科米亚核心等级+2，并且随机触发2名英雄的整备效果。 技能「新月突击」：露娜用月光标记最远端的敌人并向其突击（期间不可选中），对路径上所有敌人造成100+100%法术攻击力的法术伤害，同时消耗标记额外造成目标敌人15%最大生命值的法术伤害。,闪现 登场：阿科米亚核心等级+2，并且随机触发2名英雄的整备效果。,闪现 登场：阿科米亚核心等级+4，并且随机触发4名英雄的整备效果。,近战,1,日落海整备流,1,https://assets.wanxiangqiwiki.com/assets/official/2026-08-28/2253ad8ef4e7caeedb9ed8ca3544ac573822833accf6306c46ade0817ecc402b.webp,官方 2026-08-28,官方卡牌资料,https://wanxiangqiwiki.com/explore/hero-luna
hero-yangyuhuan,杨玉环,英雄牌,5,无阵营,3,3,1,卡面：杨玉环在场时，每过3个回合获得1张弦音。 退场：获得1张弦音。 技能「惊鸿调」：杨玉环弹奏琵琶，循环激活以下乐曲效果之一： 清平：为3名血量最低的友军恢复100+80%法术攻击力的生命值。 破阵：对当前血量百分比最高的3名敌人造成100+80%法术攻击力的法术伤害。,杨玉环在场时，每过3个回合获得1张弦音。 退场：获得1张弦音。,杨玉环在场时，每过3个回合获得1张妙音。 退场：获得1张妙音。,远程,5,,0,https://assets.wanxiangqiwiki.com/assets/official/2026-08-28/42b318879301752bf5bfc1be4ab52fa5a8a19c8e83da42b2ada3788a8e4740a7.webp,官方 2026-08-28,官方卡牌资料,https://wanxiangqiwiki.com/explore/hero-yangyuhuan
hero-zhouyu,周瑜,英雄牌,5,三分之地,3,3,1,卡面：登场：全体英雄等级+1。 技能「烽火赤壁」：周瑜召唤火焰，对周围2格范围内敌人造成100+50%法术攻击力的法术伤害并恢复自身100+50%法术攻击力生命值，同时会留下焦土，持续至周瑜被击败。焦土内的敌人每秒受到其1%最大生命值的法术伤害，而周瑜每秒恢复10%法术攻击力+2%最大生命值的生命值。,登场：全体英雄等级+1。,登场：全体英雄等级+2。,远程,2,,0,https://assets.wanxiangqiwiki.com/assets/official/2026-08-28/0b9a3f315d8f6cdac1ec95042a72cad79b935c7465f40525aadd6c3923466d29.webp,官方 2026-08-28,官方卡牌资料,https://wanxiangqiwiki.com/explore/hero-zhouyu
hero-1381,王维,英雄牌,3,河洛,3,3,1,卡面：开团：获得空山人语和水穷云起各1张。 技能「水穷云起」：王维朝目标释放一道水流，造成50+100%法术攻击力的法术伤害，并将其击飞1秒。,开团：获得空山人语和水穷云起各1张。,整备：随机对6名不同【河洛】英雄使用1张古币。,远程,4,,0,https://assets.wanxiangqiwiki.com/assets/official/2026-08-28/918c5f16d6a46cf9e1c297cc5ad5957c915e5431ba94f804721344121f2d28fc.webp,官方 2026-08-28,官方卡牌资料 / 官方关联预览：红豆之托,https://wanxiangqiwiki.com/explore/hero-1381
