id,name,type,quality,faction,cost,skill_summary,awakening,image,version,source
talent-623002,复印机,天赋牌,1,通用,,获得2张天赋牌复印机：指定1名1-3阶英雄，获得该英雄牌。,,https://assets.wanxiangqiwiki.com/assets/official/2026-08-28/2fb87b343abb9d8ee6a88702fcafe138201afe0bb3079a4c9fcb363d05f14245.webp,官方 2026-08-28,官方卡牌资料
talent-613003,里程碑,天赋牌,1,通用,,棋手到达5级时，获得6能量、1张装备箱。,,https://assets.wanxiangqiwiki.com/assets/official/2026-08-28/192308e8b3b8e44a7aeefa539fca417667fcedf303288544ee98f7c421658c90.webp,官方 2026-08-28,官方卡牌资料
talent-635041,三分新援,天赋牌,1,通用,,获得2能量，以及随机1张2-3阶【三分】英雄牌。,,https://assets.wanxiangqiwiki.com/assets/official/2026-08-28/d9c07eed04ecd35c9452bfd64032d4f192bf49e99907c425a0e8e18144a817aa.webp,官方 2026-08-28,官方卡牌资料
talent-613005,整装待发,天赋牌,1,通用,,若回合内没有打出英雄牌，下回合开始时，获得2能量。,,https://assets.wanxiangqiwiki.com/assets/official/2026-08-28/2e58a150ac192b672227ec657584844914f002c29a86f120738a39ca367a037f.webp,官方 2026-08-28,官方卡牌资料
talent-613006,先苦后甜,天赋牌,1,通用,,选取天赋后，当你输掉2场战斗时，获得6棋手经验。,,https://assets.wanxiangqiwiki.com/assets/official/2026-08-28/d1cada7f1964e8ac8df48853b026df242accb0f3a4c793ef6f0f77497af020eb.webp,官方 2026-08-28,官方卡牌资料
talent-613007,防御领域,天赋牌,1,通用,,棋手每次受到的伤害减少2点。,,https://assets.wanxiangqiwiki.com/assets/official/2026-08-28/f8f1b6738dbb1f7ac28d6ee2fe81a37827605aa18d54f4126313c7bd050e40ff.webp,官方 2026-08-28,官方卡牌资料
talent-635036,日落海新援,天赋牌,1,通用,,获得2能量，以及随机1张2-3阶【日落海】英雄牌。,,https://assets.wanxiangqiwiki.com/assets/official/2026-08-28/a3bbf10ceee6f2cffdc8db99e503112219e8d9aa7ce690ae09b34bbcdd53b476.webp,官方 2026-08-28,官方卡牌资料
talent-671003,存款利息,天赋牌,1,通用,,获得3能量。回合结束时，你每有7能量，额外获得1能量。,,https://assets.wanxiangqiwiki.com/assets/official/2026-08-28/30a1ba53488b12803b4d6e84ac882e09a5c279d7c02ef94d3c5a703c4c29e30f.webp,官方 2026-08-28,官方卡牌资料
talent-635031,大河新援,天赋牌,1,通用,,获得2能量，以及随机1张2-3阶【大河流域】英雄牌。,,https://assets.wanxiangqiwiki.com/assets/official/2026-08-28/533e635b513ba81bf9c5de93bbcb0a9911b20b35df38b33bef4cc5d29e400f8b.webp,官方 2026-08-28,官方卡牌资料
talent-681028,破格,天赋牌,1,通用,,回合开始商店自动刷新时，会出现1个高1阶英雄牌。,,https://assets.wanxiangqiwiki.com/assets/official/2026-08-28/7f7a570286633032de8b71084aeae8803f1b18c5bd7a3e97ac90f92bba538209.webp,官方 2026-08-28,官方卡牌资料
talent-635026,逐鹿新援,天赋牌,1,通用,,获得2能量，以及随机1张2-3阶【逐鹿】英雄牌。,,https://assets.wanxiangqiwiki.com/assets/official/2026-08-28/e62693a0f0b944f7a21c66218f576ef70504ef197a5ad6c61eb0196d29aa07de.webp,官方 2026-08-28,官方卡牌资料
talent-671010,二象性,天赋牌,1,通用,,获得1张天赋牌二象坍缩：随机生效1个获取英雄牌的效果（详情查看关联卡牌）。,,https://assets.wanxiangqiwiki.com/assets/official/2026-08-28/44787b4cf7aa7c9cab6e60ec083dc953d7b714e8e73e5b945732adb1640d9b4b.webp,官方 2026-08-28,官方卡牌资料
talent-635014,河洛新援,天赋牌,1,通用,,获得2能量，以及随机1张2-3阶【河洛】英雄牌。,,https://assets.wanxiangqiwiki.com/assets/official/2026-08-28/3ad6ed8ed32cf66e5f424c40dcc41ea929a1fc0a5be00e3e1f7eb7c0e201063e.webp,官方 2026-08-28,官方卡牌资料
talent-671012,预言家,天赋牌,1,通用,,分别获得1张天赋牌胜利预言与失败预言：预测战斗结果，正确可获得奖励。,,https://assets.wanxiangqiwiki.com/assets/official/2026-08-28/26aec901c349a4d6ad0f275c200362df2726a5ad6d5ff39d2f9b00300491dc7d.webp,官方 2026-08-28,官方卡牌资料
talent-614005,三十而立,天赋牌,1,通用,,备战阶段中，英雄总等级到达30级时，获得6棋手经验。,,https://assets.wanxiangqiwiki.com/assets/official/2026-08-28/fd9c79ef87af2ead8860282a811237f51f7a2adf1b92a4b5b368f85b794ee4df.webp,官方 2026-08-28,官方卡牌资料
talent-681026,好聚好散,天赋牌,1,通用,,获得1张天赋牌体面离场：指定移除一名英雄，获得能量。此英雄0/1/2/3觉醒进度时，获得3/5/7/9能量。,,https://assets.wanxiangqiwiki.com/assets/official/2026-08-28/0b45da497cad7aa7adc148a0157d6d635b006c0f04a746c84be6c302ed5f7f7e.webp,官方 2026-08-28,官方卡牌资料
talent-681025,瓶中人,天赋牌,1,通用,,获得1张天赋牌契约瓶：获胜时，累积3张随机英雄牌；失败时，损失所累积的一半英雄牌。,,https://assets.wanxiangqiwiki.com/assets/official/2026-08-28/a2e755614ee6c88f941de3cfeb863f62016936280a7ce7d63478c641ade38adf.webp,官方 2026-08-28,官方卡牌资料
talent-634020,随机成长,天赋牌,1,通用,,战斗开始时，你品阶最高的1名英雄等级永久+4。,,https://assets.wanxiangqiwiki.com/assets/official/2026-08-28/7d0128867415caa8dba3bff81f7907d75d3b7ea88d9b7a25bde37c25cb5dc6be.webp,官方 2026-08-28,官方卡牌资料
talent-681024,战争头牌,天赋牌,1,通用,,每回合获得1个品阶数字，打出相同品阶的英雄牌时，额外+4等级。,,https://assets.wanxiangqiwiki.com/assets/official/2026-08-28/e9f781c028b25b9b74d94743e53483561edcaef6a0173b7afe9c02979c864c7a.webp,官方 2026-08-28,官方卡牌资料
talent-681022,节能商店,天赋牌,1,通用,,每次手动刷新商店后，总有1张商店卡牌所需能量-1。,,https://assets.wanxiangqiwiki.com/assets/official/2026-08-28/0d1c15fb5ac3319fb631e9dd7cbe061723a3dfb1cfc2174575ef9d4fea560dce.webp,官方 2026-08-28,官方卡牌资料
talent-633003,加速成长,天赋牌,1,通用,,获得2张天赋牌加速成长：指定1名英雄等级+5。,,https://assets.wanxiangqiwiki.com/assets/official/2026-08-28/a0c26769df566eadfb6b4a2bd673060b28b113368a81bdd584c4fdc4854874e6.webp,官方 2026-08-28,官方卡牌资料
talent-681021,微弱优势,天赋牌,1,通用,,打出觉醒英雄牌时，其获得22%暴击率和11%物理及法术吸血（每名英雄仅1次）。,,https://assets.wanxiangqiwiki.com/assets/official/2026-08-28/87fe4bda05de812a1a6bf671e7e6943d782eb7e67631cbbd43a8aabd1c71449a.webp,官方 2026-08-28,官方卡牌资料
talent-622001,双人游,天赋牌,1,通用,,随机获得2张2-3阶英雄牌。,,https://assets.wanxiangqiwiki.com/assets/official/2026-08-28/acadba2c14adbe0b0eb2d2c6b63cc3f0ae6e3f3c01d501f39fe74d4306fa7174.webp,官方 2026-08-28,官方卡牌资料
talent-681009,猪猪,天赋牌,1,通用,,战斗开始时，敌方2名随机英雄变为小猪，持续3秒。,,https://assets.wanxiangqiwiki.com/assets/official/2026-08-28/d256657c1bfb0cfcb14f4f757ca7766665c50de39fb517d47dd6a13cc6846069.webp,官方 2026-08-28,官方卡牌资料
talent-681020,刻舟减蓝,天赋牌,1,通用,,英雄20级后，法力值上限-10。,,https://assets.wanxiangqiwiki.com/assets/official/2026-08-28/f8380cce3b14ea3b073c2eea15dd4396bba471d7e2294863d6e6def15a36a5bf.webp,官方 2026-08-28,官方卡牌资料
talent-632008,专注射击,天赋牌,1,通用,,战斗开始时，你后两排英雄每次普攻获得3%攻速和3点物理攻击力，上限10层。,,https://assets.wanxiangqiwiki.com/assets/official/2026-08-28/ff80c689c8ffb25cc7a616e655d6062ba72fe6e380b9115017103ec1f9d5efb0.webp,官方 2026-08-28,官方卡牌资料
talent-632006,银算盘,天赋牌,1,通用,,出售场上英雄时，随机1名英雄等级+2。,,https://assets.wanxiangqiwiki.com/assets/official/2026-08-28/cc59ec1d8dd16fe3ebe2fdc272ad91460571d818c50ead79a97819fb882eab41.webp,官方 2026-08-28,官方卡牌资料
talent-681018,班叔的遗留物,天赋牌,1,通用,,获得2级电磁弹簧：在指定位置构筑1个2级电磁弹簧（敌方踩中时会被弹至战场后排）。,,https://assets.wanxiangqiwiki.com/assets/official/2026-08-28/9c7a2a534f918cbac7f75cd369dd799e0c6e74c73b4988df56e4ecea8d3d924e.webp,官方 2026-08-28,官方卡牌资料
talent-632002,五福临门,天赋牌,1,通用,,获得1张天赋牌五福临门：随机获得5张英雄牌。,,https://assets.wanxiangqiwiki.com/assets/official/2026-08-28/f4fb5366d6e82edb20d48356ff85b1f18eb07b746520fb1ce5f33f9691fd0e59.webp,官方 2026-08-28,官方卡牌资料
talent-632001,小电池包,天赋牌,1,通用,,获得5能量。,,https://assets.wanxiangqiwiki.com/assets/official/2026-08-28/5352a69d5b8768e24a0a83c0744da851c5c2cb761a75e592f4c88a5f7f21fe3b.webp,官方 2026-08-28,官方卡牌资料
talent-623003,兵行诡招,天赋牌,1,通用,,棋手生命值-15，战斗开始时，己方每名英雄+2临时等级。战斗胜利时，获得1棋手生命值，临时等级额外+1。,,https://assets.wanxiangqiwiki.com/assets/official/2026-08-28/22993ed722bd10bed915a97330eb9be4cfce01964e7fd3f3df915e7ee7af53b8.webp,官方 2026-08-28,官方卡牌资料
talent-snap,一个响指,天赋牌,2,通用,,获得1张天赋牌听天由命：消除等级最低的4个英雄，每名英雄会提供一定资源。,,https://assets.wanxiangqiwiki.com/assets/official/2026-08-28/9ea8aed127cf6d30f5364f3a57f5d8547f70131a6cbf2ae6184de3f4d2893dbb.webp,官方 2026-08-28,官方卡牌资料
talent-671006,小小的助力,天赋牌,2,通用,,战斗开始时，你场上有不少于4名1-3阶英雄，则4-5阶英雄获得30%伤害加成和60%攻速。,,https://assets.wanxiangqiwiki.com/assets/official/2026-08-28/916bbbefd0bdd66b55b77a370fd4758a4e4e7bd3bd8e2fa4b402907fbbecb776.webp,官方 2026-08-28,官方卡牌资料
talent-623007,伤害转化器,天赋牌,2,通用,,获得2能量。战斗胜利时，再获得2能量。,,https://assets.wanxiangqiwiki.com/assets/official/2026-08-28/05699ef368b48b4faeabf31f3fe2ef34ec4fed7a116dc5ee6c9b52dd9f3b1b93.webp,官方 2026-08-28,官方卡牌资料
talent-623008,终极复印机,天赋牌,2,通用,,获得2张天赋牌终极复印机：指定1名英雄，获得该英雄牌。,,https://assets.wanxiangqiwiki.com/assets/official/2026-08-28/9062997e521ba80593dca24f743b78cd8cb5e6d8550f2dfc5ce30e07ab068636.webp,官方 2026-08-28,官方卡牌资料
talent-681014,补给线：开团,天赋牌,2,通用,,获得3张开团效果英雄牌。,,https://assets.wanxiangqiwiki.com/assets/official/2026-08-28/d8e55b1e100e2f288d69672a3dd12010bc384378f4f926c79ccdc656462270d7.webp,官方 2026-08-28,官方卡牌资料
talent-622009,常胜将军,天赋牌,2,通用,,若你至少2连胜，战斗胜利时获得2能量和4棋手生命值。,,https://assets.wanxiangqiwiki.com/assets/official/2026-08-28/d0ca315d97e76758ac7e617397e60821beea61b25d15092979d8d72fd29469a9.webp,官方 2026-08-28,官方卡牌资料
talent-622006,中坚力量,天赋牌,2,通用,,打出3阶英雄牌，额外+4级。,,https://assets.wanxiangqiwiki.com/assets/official/2026-08-28/23bfae49625af09880de0d22bc3660ab82bca6e283f13edcc007ea0f0dbb6e82.webp,官方 2026-08-28,官方卡牌资料
talent-622005,凯旋征召,天赋牌,2,通用,,战斗胜利时，获得1张你等级最高的英雄牌。,,https://assets.wanxiangqiwiki.com/assets/official/2026-08-28/8cb6e0b40160b4ebd858e486932d36bf1053392edd05323a53b9e9805a4a2e39.webp,官方 2026-08-28,官方卡牌资料
talent-632009,如法炮制,天赋牌,2,通用,,每回合首次打出英雄牌时，获得1张同阶的英雄牌（不可超过棋手等级）。,,https://assets.wanxiangqiwiki.com/assets/official/2026-08-28/f67ff0d8a2c4356647be2dd3d15f57fee5f8f8af23f82fe86be6d5333490bbef.webp,官方 2026-08-28,官方卡牌资料
talent-632010,消费返利,天赋牌,2,通用,,每消耗15能量，获得1张加速成长：指定1名英雄等级+5。,,https://assets.wanxiangqiwiki.com/assets/official/2026-08-28/71b991004615051562888d3f40a2b68da462958a42b3c3879ab1937c45723e67.webp,官方 2026-08-28,官方卡牌资料
talent-622002,人才市场,天赋牌,2,通用,,获得3张天赋牌人才搜寻。,,https://assets.wanxiangqiwiki.com/assets/official/2026-08-28/4af5a09a631805b54e9231f9c86b65f3e11f22e2e1dc0a07477365126b2f1905.webp,官方 2026-08-28,官方卡牌资料
talent-632013,金算盘,天赋牌,2,通用,,出售场上英雄时，随机1名英雄等级+3。,,https://assets.wanxiangqiwiki.com/assets/official/2026-08-28/01fafe4566bb56c94db2b511aaec93828ca0d48372679950f40e7f4ef991ed53.webp,官方 2026-08-28,官方卡牌资料
talent-632014,超专注射击,天赋牌,2,通用,,战斗开始时，你后两排英雄每次普攻获得5%攻速和5点物理攻击力，上限10层。,,https://assets.wanxiangqiwiki.com/assets/official/2026-08-28/0a042a14f8d8113e4d395fd175bb9be6986c1e0448a4cb1c6bdb93b95473f998.webp,官方 2026-08-28,官方卡牌资料
talent-633001,电池包,天赋牌,2,通用,,获得8能量。,,https://assets.wanxiangqiwiki.com/assets/official/2026-08-28/c3e846cec80212ceb563e9aea3bb10e17d175f2a4718ac75523321c31f1026a6.webp,官方 2026-08-28,官方卡牌资料
talent-633002,结伴,天赋牌,2,通用,,获得2能量以及2张3阶英雄兑换券。,,https://assets.wanxiangqiwiki.com/assets/official/2026-08-28/398941d6acd6d7d56cd22d3b7f63df1d9cd0477225f5c82c4161083847c5d23a.webp,官方 2026-08-28,官方卡牌资料
talent-615005,极限操作,天赋牌,2,通用,,棋手生命值-15，获得15能量。,,https://assets.wanxiangqiwiki.com/assets/official/2026-08-28/05af5e0f97547051cf6a147eb69dedb7e9a318a81f0f3eb95bb7fe4189e98a1d.webp,官方 2026-08-28,官方卡牌资料
talent-633013,同路人,天赋牌,2,通用,,同一回合内，每打出4张同阵营英雄牌，随机获得1张该阵营英雄牌。,,https://assets.wanxiangqiwiki.com/assets/official/2026-08-28/5b5780abfc41ae521528f0b11a20640a6ebb18deb991298c62b915f260ecb64b.webp,官方 2026-08-28,官方卡牌资料
talent-681008,战前叫阵,天赋牌,2,通用,,战斗开始时，敌我双方等级最高英雄比拼等级：我方胜利，其英雄获得1次完美复生；我方失败，其变为猪猪3秒，获得30%最大生命值护盾。,,https://assets.wanxiangqiwiki.com/assets/official/2026-08-28/ed78ca60dbfae70c24187a4bd1667f43f6fae23e43a4a1da00cdae1322ec906c.webp,官方 2026-08-28,官方卡牌资料
talent-633017,重装上阵,天赋牌,2,通用,,战斗开始时，你至少穿戴2件装备的英雄获得15%伤害加成和15%伤害减免。,,https://assets.wanxiangqiwiki.com/assets/official/2026-08-28/f1b016d352d29d9f1d6bab9962156854fe871d3391a3fa650530f942a51ae3bd.webp,官方 2026-08-28,官方卡牌资料
talent-633018,成年礼,天赋牌,2,通用,,己方英雄30级时，随机获得2张其阵营的英雄牌（已达30级的英雄，再升级1次可获得）。,,https://assets.wanxiangqiwiki.com/assets/official/2026-08-28/4e8f57860b354c07802c729bf7c2f56aae1d1f44c3b2d4947d9d0c41ec0e0335.webp,官方 2026-08-28,官方卡牌资料
talent-681006,前线堡垒,天赋牌,2,通用,,战斗开始时，你第一排的英雄获得20点物理及法术防御。,,https://assets.wanxiangqiwiki.com/assets/official/2026-08-28/403c8e3fcccd02976a920c74635a880577b76817187c30741c1570233bc94a80.webp,官方 2026-08-28,官方卡牌资料
talent-634001,大电池包,天赋牌,2,通用,,获得10能量。,,https://assets.wanxiangqiwiki.com/assets/official/2026-08-28/bab7587d1a3fa83a365a43848381f792020bbd2248de28eb1cc67bd1fb30068f.webp,官方 2026-08-28,官方卡牌资料
talent-634012,限制性进化,天赋牌,2,通用,,获得2张天赋牌限制性进化：指定移除1名1~2阶英雄，获得高2阶的随机英雄牌，且上阵时为原等级+10。,,https://assets.wanxiangqiwiki.com/assets/official/2026-08-28/704c463dc3a7dbec1936c61c5ed9641f2e5f276d17ec92aef74ac5ba4644e3b0.webp,官方 2026-08-28,官方卡牌资料
talent-634013,援军,天赋牌,2,通用,,获得1张援军：指定1名英雄，随机获得4张同阵营的英雄牌。,,https://assets.wanxiangqiwiki.com/assets/official/2026-08-28/71d6f820280f97cd1483726acf64f82b0d8ff78bd0148619f7bc7559381abd00.webp,官方 2026-08-28,官方卡牌资料
talent-681004,群英荟萃,天赋牌,2,通用,,回合中每打出3张不同品阶的英雄牌，全体英雄等级+3。,,https://assets.wanxiangqiwiki.com/assets/official/2026-08-28/b24eb8e9636a33ca40be699d3e234195d82d32788fe2fe44d2011f1528eb7f6d.webp,官方 2026-08-28,官方卡牌资料
talent-634015,自适应武装,天赋牌,2,通用,,获得1张天赋牌自适应武装：指定1名英雄，随机获得2张与其适配的普通装备牌。,,https://assets.wanxiangqiwiki.com/assets/official/2026-08-28/8ec378c5e17d80040db3b8f5f485592d69ff9ac1e7c531b85dc114a354528876.webp,官方 2026-08-28,官方卡牌资料
talent-634018,虚构装备,天赋牌,2,通用,,战斗开始时，随机3名己方英雄临时获得1件普通装备及100点生命上限。,,https://assets.wanxiangqiwiki.com/assets/official/2026-08-28/33c3a0da002327d6a2f359f2ef56f4ec615fbbd678e9771f20821478ba25af5b.webp,官方 2026-08-28,官方卡牌资料
talent-634019,战术模组,天赋牌,2,通用,,可上阵人数+1。,,https://assets.wanxiangqiwiki.com/assets/official/2026-08-28/c4fdbc1f237be6c0012a7e1563b0fdb452258bfe33b2cdbc5312f2ec8d330fb1.webp,官方 2026-08-28,官方卡牌资料
talent-614008,三十而达,天赋牌,2,通用,,备战阶段中，英雄总等级到达30级时，获得9棋手经验。,,https://assets.wanxiangqiwiki.com/assets/official/2026-08-28/e5886a2d55eb767ca82bf540366f4d45331d53ff1b2d862f58a49788a2e82770.webp,官方 2026-08-28,官方卡牌资料
talent-634021,控能达人,天赋牌,2,通用,,战斗开始时，若当前能量≤3，随机获得1张3-4阶英雄牌。,,https://assets.wanxiangqiwiki.com/assets/official/2026-08-28/218a15519bfb4eeec4449d6f09cbce0dbb4fbfa6e887a9769f95a68b7a29565b.webp,官方 2026-08-28,官方卡牌资料
talent-634025,强者自强,天赋牌,2,通用,,战斗开始时，已觉醒英雄获得40点物理攻击力和40点法术攻击力。,,https://assets.wanxiangqiwiki.com/assets/official/2026-08-28/1adef32a0dc0127591f2e006f384fbbdb595d65c59a3ed2210a6eda6899c24cc.webp,官方 2026-08-28,官方卡牌资料
talent-634026,破败之力,天赋牌,2,通用,,战斗开始时，你的英雄普攻附带敌人最大生命值2%的法术伤害。,,https://assets.wanxiangqiwiki.com/assets/official/2026-08-28/371d24713918318dfa85941e911e8a582fe5ffd737276534ad01cc82af8e9967.webp,官方 2026-08-28,官方卡牌资料
talent-613002,保持进步,天赋牌,2,通用,,获得1张3阶兑换券。回合开始时，获得1棋手经验。满级后，改为获得1能量。,,https://assets.wanxiangqiwiki.com/assets/official/2026-08-28/87a5cf956c46d689cd1222e45021a0e6d7956bcc47712aae5bd05c40ac817c24.webp,官方 2026-08-28,官方卡牌资料
talent-681003,抢攻,天赋牌,2,通用,,获得1张普通装备牌。之后5回合内，若对其他棋手累计造成20点伤害，获得10能量。,,https://assets.wanxiangqiwiki.com/assets/official/2026-08-28/06bd8f43de0e0470068ecca54cb5b852dbcd9a4f1bbd207b0e8d05deb4d31327.webp,官方 2026-08-28,官方卡牌资料
talent-634031,随机进化,天赋牌,2,通用,,战斗开始时，你品阶最高的1名英雄等级永久+6。,,https://assets.wanxiangqiwiki.com/assets/official/2026-08-28/4fee9d2639ea045634e92d2d1d1f4885b74b50604cbf578b56bc1e024c8e0855.webp,官方 2026-08-28,官方卡牌资料
talent-681002,神秘英雄,天赋牌,2,通用,,获得2张神秘英雄牌。手动刷新时，随机变为不低于当前棋手对应品阶的英雄牌。每回合有15%概率自动销毁并获得3能量。,,https://assets.wanxiangqiwiki.com/assets/official/2026-08-28/c29ab5f0b8aed347bd19c70c572f50bdb6090d403c99f5d502b28ed3e187ab8e.webp,官方 2026-08-28,官方卡牌资料
talent-671020,厉兵秣马,天赋牌,2,通用,,随机获得1张普通装备牌。接下来5个回合若你的棋手等级没有变化，再获得2张。,,https://assets.wanxiangqiwiki.com/assets/official/2026-08-28/af00a9d9477bfc66958bb4202afcdc615c54dbb6e5983feadc56830952624b23.webp,官方 2026-08-28,官方卡牌资料
talent-636312,擂台猛虎,天赋牌,2,通用,,获得1个猛虎擂台，擂台中的【三分】英雄获得30点物攻和法攻。每当敌人于擂台范围内被击败时，擂台吸收其灵魂，永久额外提供10点物攻和法攻。每吸收5次，擂台范围永久扩大1格，最多扩大3次。,,https://assets.wanxiangqiwiki.com/assets/official/2026-08-28/0241bcc69767a6e1b58aa894a859739d0b39899b85e440382dce8d3e7b68ee60.webp,官方 2026-08-28,官方卡牌资料
talent-671016,拍卖专家,天赋牌,2,通用,,每次拍卖后，获得1张天赋牌拍卖重现：选择获得1张拍卖中你未获得的卡牌。,,https://assets.wanxiangqiwiki.com/assets/official/2026-08-28/0e83dd3b260d8e303d609294a863743685c55ce32cafc3b0af99038e710820c5.webp,官方 2026-08-28,官方卡牌资料
talent-635002,超速成长,天赋牌,2,通用,,获得1张天赋牌超速成长：指定1名英雄等级+15。,,https://assets.wanxiangqiwiki.com/assets/official/2026-08-28/aad8aed9e7d0524d85068af33e5eabefe190640cb6cc089c0266495262be083c.webp,官方 2026-08-28,官方卡牌资料
talent-614004,王牌认证,天赋牌,2,通用,,战斗开始时，若你至少有3名4-5阶英雄，获得1张2-3阶效果锦囊。,,https://assets.wanxiangqiwiki.com/assets/official/2026-08-28/006db79bc6375ddf54790c86e7b6c7c751c9a22478958b040333db907d1f78a0.webp,官方 2026-08-28,官方卡牌资料
talent-671011,祝你好运,天赋牌,2,通用,,棋手升级时，获得1张天赋牌碰碰运气：指定1名英雄提升5-20等级，随机消耗1-5能量。,,https://assets.wanxiangqiwiki.com/assets/official/2026-08-28/8622c2dbb891a7a5de7a0999bde63f6ba2e46601ae0b03b63a5fe5f6076f696e.webp,官方 2026-08-28,官方卡牌资料
talent-614003,临时增幅,天赋牌,2,通用,,战斗开始时，将20临时等级随机分配给己方英雄。每回合增加5临时等级。,,https://assets.wanxiangqiwiki.com/assets/official/2026-08-28/40b4d516afb5d00c5844b5c5cc4361dd3a59a884ca661aabd123349077e788d1.webp,官方 2026-08-28,官方卡牌资料
talent-635015,河洛来客,天赋牌,2,通用,,获得3能量以及1张李信。,,https://assets.wanxiangqiwiki.com/assets/official/2026-08-28/e83d74f1a633845ff192f880e7f8add66b083e96e5f4a1546e6c4f36e2109fb6.webp,官方 2026-08-28,官方卡牌资料
talent-614002,紧急行动,天赋牌,2,通用,,获得15点棋手生命值、1张装备箱。,,https://assets.wanxiangqiwiki.com/assets/official/2026-08-28/e5e3f40de7cb717d81c493e04e1aafc2cec3cabcbe1473bc98edb71a1e0d3196.webp,官方 2026-08-28,官方卡牌资料
talent-635017,河洛精兵,天赋牌,2,通用,,卡牌3选1（4阶或5阶的【河洛】英雄）。,,https://assets.wanxiangqiwiki.com/assets/official/2026-08-28/097b7d166c5714a27baa035f3178e9afdd0a50d1ae06ce8b3f00a3c443fa5445.webp,官方 2026-08-28,官方卡牌资料
talent-671009,富贵险中求,天赋牌,2,通用,,获得1张天赋牌一刀穷一刀富：打出后，获得1张基础装备牌及1张险中求富（持有时获胜累积奖励，失败则消失）。,,https://assets.wanxiangqiwiki.com/assets/official/2026-08-28/1e36047581597c1a6476196731a40c4629a62908933c55f864f053ed6979647a.webp,官方 2026-08-28,官方卡牌资料
talent-635021,前浪的荣光,天赋牌,2,通用,,获得2张天赋牌前浪的荣光：指定1名英雄，获得1张高1-2阶的同阵营英雄牌。,,https://assets.wanxiangqiwiki.com/assets/official/2026-08-28/530a33e64059515063ba189fdd1238a6464723b5eb7740e693b514b45b4223d2.webp,官方 2026-08-28,官方卡牌资料
talent-635024,全军列阵,天赋牌,2,通用,,获得1张天赋牌全军列阵：指定1名英雄，召唤其同阵营英雄上场直到阵容人数上限（不超过商店可购品阶）。,,https://assets.wanxiangqiwiki.com/assets/official/2026-08-28/fe091b50f9ee382b7171fde4a755e044f46bd522bd6c00d0adac5aa3fe4f21de.webp,官方 2026-08-28,官方卡牌资料
talent-681027,大买卖,天赋牌,2,通用,,商店购买额外花费1能量，出售英雄牌额外获得1能量。,,https://assets.wanxiangqiwiki.com/assets/official/2026-08-28/0b31483c67a1b1f2b5a983d0ef58b05d977a5fbb1e49593348defedf4f23d658.webp,官方 2026-08-28,官方卡牌资料
talent-635027,逐鹿来客,天赋牌,2,通用,,获得3能量以及1张蒙犽。,,https://assets.wanxiangqiwiki.com/assets/official/2026-08-28/007e5dfbba320ccc0b184200492a62f5fcb2f34d71d81029fdd17f5cb9a0cff8.webp,官方 2026-08-28,官方卡牌资料
talent-671007,逆袭之路,天赋牌,2,通用,,当你排名不是第1或第2名时，你的所有单位伤害+10%，最大生命值+20%。,,https://assets.wanxiangqiwiki.com/assets/official/2026-08-28/3e3d9c2768d3fe81005d50a970037824f474e083b5a79a1ac2ef1d7d88d1fb5a.webp,官方 2026-08-28,官方卡牌资料
talent-635029,逐鹿精兵,天赋牌,2,通用,,卡牌3选1（4阶或5阶的【逐鹿】英雄）。,,https://assets.wanxiangqiwiki.com/assets/official/2026-08-28/0c3d9a8354c8686a2bd4d6f46517a4e94c9852159830c08bcab7b69325738073.webp,官方 2026-08-28,官方卡牌资料
talent-681010,扩编名额,天赋牌,2,通用,,获得1个可购买天赋：花费8能量，可上阵人数+1。可购买2次。,,https://assets.wanxiangqiwiki.com/assets/official/2026-08-28/fc77b82863a781437aa15f4f9bff3e74f5fcfdb82fa4166139bc525b6ba2ea49.webp,官方 2026-08-28,官方卡牌资料
talent-613010,绝对领域,天赋牌,2,通用,,棋手每次受到的伤害减少3点。,,https://assets.wanxiangqiwiki.com/assets/official/2026-08-28/7b12303eb55bf54a245b72b73e6b596828508804e641f9a6e0363835d0d30f03.webp,官方 2026-08-28,官方卡牌资料
talent-635032,大河来客,天赋牌,2,通用,,获得3能量以及1张刘邦。,,https://assets.wanxiangqiwiki.com/assets/official/2026-08-28/a848f5722526499c5b7a07b898a723dd51f834f778cc515a876a8f6fa4f4d2fb.webp,官方 2026-08-28,官方卡牌资料
talent-613009,卧薪尝胆,天赋牌,2,通用,,选取天赋后，当你输掉2场战斗时，获得9棋手经验。,,https://assets.wanxiangqiwiki.com/assets/official/2026-08-28/8dcfbbc2272ca3ac9e99f1a716608ada39281f62684f844214a1df25f34057f7.webp,官方 2026-08-28,官方卡牌资料
talent-635034,大河精兵,天赋牌,2,通用,,卡牌3选1（4阶或5阶的【大河流域】英雄）。,,https://assets.wanxiangqiwiki.com/assets/official/2026-08-28/2c3f0626f07bb2eed67abb6ab2599644ab3db07d2c5275e18a479c3ce5a33a54.webp,官方 2026-08-28,官方卡牌资料
talent-671002,小身体大能量,天赋牌,2,通用,,战斗开始时，英雄模型缩小，攻速+60%，暴击率+40%，生命值上限-20%。,,https://assets.wanxiangqiwiki.com/assets/official/2026-08-28/0f0e55ab4733d04974c562f87368aa558ace0789d86f0aff7ae13c70d62e9087.webp,官方 2026-08-28,官方卡牌资料
talent-613008,重大里程碑,天赋牌,2,通用,,棋手到达5级时，获得8能量、1张装备箱和1张高阶效果牌。,,https://assets.wanxiangqiwiki.com/assets/official/2026-08-28/0c6f1c3838863b0b78685dc642842b14f904821740fb01ab824a9a0642e4f7a2.webp,官方 2026-08-28,官方卡牌资料
talent-635037,日落海来客,天赋牌,2,通用,,获得3能量以及1张雅典娜。,,https://assets.wanxiangqiwiki.com/assets/official/2026-08-28/77fe7aa8faf107eb19768ee7ed52de8e53d6e52036d1dbf1a7f48e4323f87075.webp,官方 2026-08-28,官方卡牌资料
talent-value,一分钱一分货,天赋牌,2,通用,,获得1张天赋牌等价交换：扣除当前所有能量。根据扣除数量获得不同资源奖励。,,https://assets.wanxiangqiwiki.com/assets/official/2026-08-28/069c8f143f38f4d24302362a075eabe0b8c340070405c5ff62b132bed63e54d7.webp,官方 2026-08-28,官方卡牌资料
talent-635039,日落海精兵,天赋牌,2,通用,,卡牌3选1（4阶或5阶的【日落海】英雄）。,,https://assets.wanxiangqiwiki.com/assets/official/2026-08-28/fc3fda965b61c11fdd89f7005131375611eadb3f0ff2a457813ce9a1707e919b.webp,官方 2026-08-28,官方卡牌资料
talent-646011,怒神项链,天赋牌,2,通用,,获得怒神项链：增加暴击率以及法术伤害可以暴击。,,https://assets.wanxiangqiwiki.com/assets/official/2026-08-28/3c739a0083e8b6c4684b29aee8b7be015abd9efda9d68aa84c1d82b8b4833b1d.webp,官方 2026-08-28,官方卡牌资料
talent-613004,人才济济,天赋牌,2,通用,,升级所需棋手经验-2，每次升级时获得1张天赋牌人才搜寻。,,https://assets.wanxiangqiwiki.com/assets/official/2026-08-28/c6aede988612868fd9c4fd6bd0bb6c61a8ec34d2e9f84beab610eae09fcbf730.webp,官方 2026-08-28,官方卡牌资料
talent-635042,三分来客,天赋牌,2,通用,,获得3能量以及1张小乔。,,https://assets.wanxiangqiwiki.com/assets/official/2026-08-28/9d6ff8e8838ad965a51b6522c5d2804e75ba1df1e16797ccf9cd4ece556287de.webp,官方 2026-08-28,官方卡牌资料
talent-646004,法潮灵杖,天赋牌,2,通用,,获得法潮灵杖：获取左右1格英雄法术攻击力。,,https://assets.wanxiangqiwiki.com/assets/official/2026-08-28/6760c0c1cd71eeb7bc9ccf74bcca2393b236e990c559d9059791693f3722aa5e.webp,官方 2026-08-28,官方卡牌资料
talent-635044,三分精兵,天赋牌,2,通用,,卡牌3选1（4阶或5阶的【三分】英雄）。,,https://assets.wanxiangqiwiki.com/assets/official/2026-08-28/a938b027dce43db27bfe448b69d12c677ce1ba1548075c0f33cd5bb88894c242.webp,官方 2026-08-28,官方卡牌资料
talent-646003,断念,天赋牌,2,通用,,获得断念：造成伤害时降低敌方最大生命值。,,https://assets.wanxiangqiwiki.com/assets/official/2026-08-28/73aae5afeb6f31408f588d7f0c1a9ea0f0e0e3b22e9955d8234d35b3762be697.webp,官方 2026-08-28,官方卡牌资料
talent-646002,破阵战芒,天赋牌,2,通用,,获得破阵战芒：增加攻速及伤害提升（1-3阶英雄限定）。,,https://assets.wanxiangqiwiki.com/assets/official/2026-08-28/a0ec5be40eb9ad6c48eae973e481af596cc6c4ee645e21e96be682f367a6b470.webp,官方 2026-08-28,官方卡牌资料
talent-636101,能量改造,天赋牌,2,通用,,阿科米亚核心不再分配等级。回合开始时，核心每拥有30级，将随机触发场上1名英雄的1次整备或登场效果（单回合最多触发100次）。,,https://assets.wanxiangqiwiki.com/assets/official/2026-08-28/ec8d8f61077b064fe5588506c58916381b6fbde52920b61e5ed74ae7fe2dcd6c.webp,官方 2026-08-28,官方卡牌资料
talent-646001,破妄之刃,天赋牌,2,通用,,获得破妄之刃：获得真实伤害能力并提升移速且免疫减速效果。,,https://assets.wanxiangqiwiki.com/assets/official/2026-08-28/d8c808086881cc249077e21fc7f42a2b744a9ebcfa48c0137ed6295df6c5b16e.webp,官方 2026-08-28,官方卡牌资料
talent-636103,光棱塔,天赋牌,2,通用,,阿科米亚核心不再分配等级。每秒对1个随机敌方单位造成6次核心等级×1的法术伤害。,,https://assets.wanxiangqiwiki.com/assets/official/2026-08-28/55cae208837cec94814c31a9b7645faf67879128f3d9ea201c0f2a7b5aa64c41.webp,官方 2026-08-28,官方卡牌资料
talent-638008,瞬影连斩,天赋牌,2,通用,,闪现英雄击败敌方单位时，会立刻闪现至最近的敌人处，并无敌0.5秒。,,https://assets.wanxiangqiwiki.com/assets/official/2026-08-28/24f2f929acb3ac3e4c930ff4f7cc932f5d169f0bba8a562d806deb0cbe238b50.webp,官方 2026-08-28,官方卡牌资料
talent-636105,场外供能,天赋牌,2,通用,,回合开始时，阿科米亚核心获得棋手等级×3的等级。,,https://assets.wanxiangqiwiki.com/assets/official/2026-08-28/98ae77f0d9d74bd8b0f75d28acc56873308370ea1b9fa1744b80a1225f94a71f.webp,官方 2026-08-28,官方卡牌资料
talent-636106,积极整备,天赋牌,2,通用,,你的英雄每触发5次整备效果，随机获得1件日落海专属装备，上限3件。,,https://assets.wanxiangqiwiki.com/assets/official/2026-08-28/7557c55e2706a6f53865f2940259de470b36530e95383ec0f264e73dd25ba0b1.webp,官方 2026-08-28,官方卡牌资料
talent-638003,胜之不武,天赋牌,2,通用,,获得3张天赋牌胜之不武：下场战斗你的英雄+20临时等级，但对敌方棋手造成的伤害-10。,,https://assets.wanxiangqiwiki.com/assets/official/2026-08-28/2ffab6e22f911e76deaa9a530793d1d347969508c417a83419aaaae8823c32e9.webp,官方 2026-08-28,官方卡牌资料
talent-63700801,崛起,天赋牌,2,通用,,获得1张马可波罗和1张百里守约。共战时，获得3临时等级。若战斗胜利，至多保留他们获得的20临时等级。,,https://assets.wanxiangqiwiki.com/assets/official/2026-08-28/71e2b5547e8193837d9d79f166f5da1f4b4f3f7bf0fba65f818dbe8f3ea7045c.webp,官方 2026-08-28,官方卡牌资料
talent-636601,协同一致,天赋牌,2,通用,,回合开始时，无阵营英雄获得等于当前棋手等级的等级。,,https://assets.wanxiangqiwiki.com/assets/official/2026-08-28/d3980168aca88d2d68f7ea189e2032058422e7d2eb141d43a2e2a1446cce819f.webp,官方 2026-08-28,官方卡牌资料
talent-636516,荆棘牢笼,天赋牌,2,通用,,先知图腾获得额外效果：每5秒眩晕最远的1个敌人，持续2秒。如果敌人在眩晕期间阵亡，召唤1只与其等级相同的熊灵。,,https://assets.wanxiangqiwiki.com/assets/official/2026-08-28/fe2d21c1109b2deef36137bb8f9dabd70bf0c6d4148332246c3852d7dc043ca8.webp,官方 2026-08-28,官方卡牌资料
talent-636514,因缘际会,天赋牌,2,通用,,召唤1个1级的因缘图腾。,,https://assets.wanxiangqiwiki.com/assets/official/2026-08-28/dc1a15e67990c517d5d443cc1879b214f7a48626f18639362e46489f012b17c0.webp,官方 2026-08-28,官方卡牌资料
talent-636115,动能灌注,天赋牌,2,通用,,阿科米亚核心等级+10。你的英雄每合计攻击10次，核心等级+1。,,https://assets.wanxiangqiwiki.com/assets/official/2026-08-28/eb049aaf0c03a015e6d6f537a8450abc7940f8070b3746c65a4d9eb3b8c7a40e.webp,官方 2026-08-28,官方卡牌资料
talent-636117,智能装甲,天赋牌,2,通用,,随机获得1件【日落海专属装备】。我方英雄每穿戴1件【日落海专属装备】，其整备效果会额外触发1次。,,https://assets.wanxiangqiwiki.com/assets/official/2026-08-28/24cb776ec8aa00d1f098cb866714ea0de4a5a4614414c4c6653cc428222aeba7.webp,官方 2026-08-28,官方卡牌资料
talent-636201,多彩古币,天赋牌,2,通用,,古币只能对非【河洛】英雄主动使用：随机变成其他同阶非【河洛】英雄，等级额外+7。,,https://assets.wanxiangqiwiki.com/assets/official/2026-08-28/c78e43e7af19aaba26ed15ab20b96442ed69699c470c11ee9d9f5842874ce170.webp,官方 2026-08-28,官方卡牌资料
talent-636512,坚不可摧,天赋牌,2,通用,,战斗开始时，我方先知图腾、因缘图腾和往生图腾获得回合数x100的护盾。,,https://assets.wanxiangqiwiki.com/assets/official/2026-08-28/c80602a0298e60ce576c083f138790bcf4bf3c37f4bb6b93a3089b8f58ecc2e7.webp,官方 2026-08-28,官方卡牌资料
talent-636510,图腾启灵,天赋牌,2,通用,,每回合随机召唤1个图腾，直到回合结束。,,https://assets.wanxiangqiwiki.com/assets/official/2026-08-28/46a51d6da1033cfa047878357585332ef69420cb29f8a588ca3611ac12138602.webp,官方 2026-08-28,官方卡牌资料
talent-636509,化为熊灵,天赋牌,2,通用,,战斗中首名【大河】英雄阵亡时，召唤1只场上大河英雄等级之和的熊灵（不计算临时等级），并嘲讽周围2格敌人，持续4秒。,,https://assets.wanxiangqiwiki.com/assets/official/2026-08-28/42873835d5b1c8b6768f1e234a9316f10b6910c28c33921e6a7626e426a9c2a0.webp,官方 2026-08-28,官方卡牌资料
talent-636206,传家宝,天赋牌,2,通用,,古币不再附带转瞬。每回合开始时，手牌中古币等级+1，若数量≥8张，则+2级。,,https://assets.wanxiangqiwiki.com/assets/official/2026-08-28/84d4d600f0be0ae2edb19b1c6369426950f0ab78b6dd255591c7143e5b60ae12.webp,官方 2026-08-28,官方卡牌资料
talent-636209,古币翻新,天赋牌,2,通用,,获得1张古币。古币牌会额外提供2级。,,https://assets.wanxiangqiwiki.com/assets/official/2026-08-28/7c54133980cfe03a1fabae58406f8b06fcd9631d2d77b23d8c9afc7cc81f640b.webp,官方 2026-08-28,官方卡牌资料
talent-636506,生命绽放,天赋牌,2,通用,,获得1张鬼谷子，玄微之种获得额外效果：每秒回复穿戴者3%生命值。,,https://assets.wanxiangqiwiki.com/assets/official/2026-08-28/1b6182da52b446835743b9853596cf5b96bf8dc5a08ca9476158fbfbeb5116af.webp,官方 2026-08-28,官方卡牌资料
talent-636213,献祭之赐,天赋牌,2,通用,,获得1张李信，李信卡牌效果提供的临时等级额外+3。若李信觉醒，敌方英雄触发牺牲时，也会触发己方李信的卡牌效果。,,https://assets.wanxiangqiwiki.com/assets/official/2026-08-28/e87e489f9431bc243f45d5aed53f820f78676b8486a33354d69913771b6e2d89.webp,官方 2026-08-28,官方卡牌资料
talent-636415,贤士登门,天赋牌,2,通用,,随机获得1张【逐鹿】英雄牌。回合开始时，再获得1张。,,https://assets.wanxiangqiwiki.com/assets/official/2026-08-28/09134a8498166c527053b591934d1babfefaa59f8ad5c08350f7ab82404396e8.webp,官方 2026-08-28,官方卡牌资料
talent-636215,零钱兑换,天赋牌,2,通用,,你获得的古币会自动兑换为2张无法提供等级的破损古币，精致古币则兑换为4张。,,https://assets.wanxiangqiwiki.com/assets/official/2026-08-28/e4f4fb64c67b52d79726ba2c42c369dc5a87658849f4aa09740d1f582ad1516d.webp,官方 2026-08-28,官方卡牌资料
talent-636413,乘胜追击,天赋牌,2,通用,,战斗胜利时，获得1张高阶推演战术。,,https://assets.wanxiangqiwiki.com/assets/official/2026-08-28/ba51d33ee195e5f0f7714d6a9b6631965586bac4a2311f8352073a352fcb070a.webp,官方 2026-08-28,官方卡牌资料
talent-636217,最终守卫,天赋牌,2,通用,,你最后1名【河洛】英雄受到致命伤害时进入无敌状态，并提升50%攻击速度，持续1秒。战斗中你的英雄每触发过1次牺牲效果，无敌时间增加0.25秒。,,https://assets.wanxiangqiwiki.com/assets/official/2026-08-28/b229c81e2c5b9636ad2850584236ce06b731ae1c41230f3b92850381085813e4.webp,官方 2026-08-28,官方卡牌资料
talent-636218,古币契约,天赋牌,2,通用,,你的英雄每触发3次牺牲效果，获得1张古币。,,https://assets.wanxiangqiwiki.com/assets/official/2026-08-28/a2eb83b0b615d2f33eb402b027d5b68c979bb87cc39476610161df10ff687902.webp,官方 2026-08-28,官方卡牌资料
talent-636412,鲸吞,天赋牌,2,通用,,获得1张庄周，【逐鹿】英雄每释放6次技能，庄周会吞噬敌方等级最低的1名英雄，永久获得其30%的生命值上限（每场战斗最多吞噬1次）。若庄周觉醒，吞噬上限变为3次。,,https://assets.wanxiangqiwiki.com/assets/official/2026-08-28/6ec9d7b24d8dff4fa184a7ee60585828196808ba8ae9f36cb83cd28654ab5ef7.webp,官方 2026-08-28,官方卡牌资料
talent-636409,强力小弟,天赋牌,2,通用,,你的召唤单位等级+5。每回合开始时，再+5。,,https://assets.wanxiangqiwiki.com/assets/official/2026-08-28/71272305f8104c30954e41a2d820b405d0b24a17ae701a2065bf83b2e337c9df.webp,官方 2026-08-28,官方卡牌资料
talent-636221,幸运硬币,天赋牌,2,通用,,打出古币时有概率额外触发1-3次。,,https://assets.wanxiangqiwiki.com/assets/official/2026-08-28/ed9f320b337a7e8d5957161cc28a378109546f9ff1c80915a8f5837a2b69dfbd.webp,官方 2026-08-28,官方卡牌资料
talent-636224,红豆之托,天赋牌,2,通用,,获得1张【河洛】英雄王维。备战阶段，场上英雄总等级分别达到100/200/400级时，再获得1张王维。,,https://assets.wanxiangqiwiki.com/assets/official/2026-08-28/c96afb2ad16bae1341e8a97a6e3e186729fcc50e0d4e3edd4ff5518368e0d38f.webp,官方 2026-08-28,官方卡牌资料
talent-636401,技高一筹,天赋牌,2,通用,,【逐鹿】英雄每释放6次技能，获得1能量，上限5能量。,,https://assets.wanxiangqiwiki.com/assets/official/2026-08-28/8baccb045d75acb7a25bfea08d731b69224cc41dd3755ae624f4dcf496e35c53.webp,官方 2026-08-28,官方卡牌资料
talent-636317,膨化生命,天赋牌,2,通用,,战斗开始时，你的【三分】英雄额外获得100%生命值上限（仅提升上限），且生命恢复和护盾效果提升20%。,,https://assets.wanxiangqiwiki.com/assets/official/2026-08-28/c8d4d3919897da84aaac42c982dabd68839cb409a70381e434f285765118acff.webp,官方 2026-08-28,官方卡牌资料
talent-636304,乐善好施,天赋牌,2,通用,,你的英雄触发登场效果时，随机2名【三分】英雄等级+2。,,https://assets.wanxiangqiwiki.com/assets/official/2026-08-28/da62f4445674b14e7b1adb6436195486f811a1e5d186d36a74c24f9565319e98.webp,官方 2026-08-28,官方卡牌资料
talent-636314,锦囊妙计,天赋牌,2,通用,,获得1张锦囊：使用后，本回合打出的登场英雄牌，会额外触发1次登场效果。,,https://assets.wanxiangqiwiki.com/assets/official/2026-08-28/220b5d95ae6edc6bc4b6e67a0b70e4a1aa6c64f768dee924119d932e7385a529.webp,官方 2026-08-28,官方卡牌资料
talent-zhaoyun,一身是胆,天赋牌,2,通用,,获得1张赵云，赵云在释放技能前，会额外释放1个技能惊雷之龙，且赵云生命值每次经过70%/30%档位时，会恢复全部法力值。,,https://assets.wanxiangqiwiki.com/assets/official/2026-08-28/3d6bc3e822f0a5d2e97ee02ef1165777317c51c8cd7c36dd8364d09f634771ea.webp,官方 2026-08-28,官方卡牌资料
talent-636307,卧龙威势,天赋牌,2,通用,,获得1张诸葛亮，你的英雄释放技能时，诸葛亮周围1格的其他【三分】英雄获得10点法力值。,,https://assets.wanxiangqiwiki.com/assets/official/2026-08-28/d0d270fc109bb40e54fe1554a29b2ec13b5d59dade218d0b7f23c506d24435c6.webp,官方 2026-08-28,官方卡牌资料
talent-634028,虚构武装,天赋牌,3,通用,,战斗开始时，随机3名己方英雄临时获得2件普通装备及300点生命上限。,,https://assets.wanxiangqiwiki.com/assets/official/2026-08-28/fcdc1d6ea16d6473c84d01e04b34cd4fe90129a0e6e1c32c3cbb327d958f8871.webp,官方 2026-08-28,官方卡牌资料
talent-636309,怒涛,天赋牌,3,通用,,【三分】英雄获得牺牲：大乔灵体现身，对敌人施加1次巨型海浪打击。,,https://assets.wanxiangqiwiki.com/assets/official/2026-08-28/2b7096a9080588738c000e16c8db48c62b8a1cbb497e94d7d6bbf438cdc35865.webp,官方 2026-08-28,官方卡牌资料
talent-636313,控制感应,天赋牌,3,通用,,你的英雄施加控制效果时，你的【三分】英雄获得20点法术攻击力。,,https://assets.wanxiangqiwiki.com/assets/official/2026-08-28/a9eea9f0d24f1a4862970b9a0f33e6af3a0b2d70b21951a259e1d73bca75238f.webp,官方 2026-08-28,官方卡牌资料
talent-636305,搏战,天赋牌,3,通用,,你前两排的【三分】英雄生命值50%以下时，每秒恢复5%生命值，并提升50%攻速。,,https://assets.wanxiangqiwiki.com/assets/official/2026-08-28/30bbbd76cc3c158b2186eddffce652fd5add32f9a90610c0a1f8f4eef6241db6.webp,官方 2026-08-28,官方卡牌资料
talent-three,三三得三,天赋牌,3,通用,,战斗开始时，若你场上【三分】英雄人数刚好是3的倍数，他们分别获得33临时等级。,,https://assets.wanxiangqiwiki.com/assets/official/2026-08-28/fba828eea8189a60da2d233a7769606e0d27ef22e8784bd867258adcb331499b.webp,官方 2026-08-28,官方卡牌资料
talent-636316,挂帅上阵,天赋牌,3,通用,,获得1张挂帅：指定1名【三分】英雄，使其等级等同于1名最近的【三分】英雄。,,https://assets.wanxiangqiwiki.com/assets/official/2026-08-28/a84b1aedf809d87450ac834a6b7b19256b122e6db6379ac3a1e0e5b78a48d5ce.webp,官方 2026-08-28,官方卡牌资料
talent-636303,四重奏,天赋牌,3,通用,,战斗开始时，若你场上有至少3个阵营，全体英雄获得5×棋手等级的临时等级。,,https://assets.wanxiangqiwiki.com/assets/official/2026-08-28/33289a62c3bf60060526cdb844cad188912dd8c31fa1f7a928b3b53c4b856f00.webp,官方 2026-08-28,官方卡牌资料
talent-636318,三分领袖,天赋牌,3,通用,,获得1张装备牌三分旗帜：造成伤害的30%平摊治疗所有【三分】英雄（仅【三分】英雄可穿戴）。,,https://assets.wanxiangqiwiki.com/assets/official/2026-08-28/6ea82699b28576a2821b1b8b0e94a5c7dc09cee6dcd1d15a5f66d2285f42686b.webp,官方 2026-08-28,官方卡牌资料
talent-636301,鬼神降临,天赋牌,3,通用,,你阵亡4名【三分】英雄后，召唤吕布，其等级为已阵亡【三分】英雄等级之和的一半。,,https://assets.wanxiangqiwiki.com/assets/official/2026-08-28/88fe224957de1cd493f3dbc1b2a0d39f3dd323a12e3ac92dc1a432430d281ed3.webp,官方 2026-08-28,官方卡牌资料
talent-636402,意外之财,天赋牌,3,通用,,每合成4次【逐鹿】英雄，获得1张随机1-5阶效果锦囊牌。,,https://assets.wanxiangqiwiki.com/assets/official/2026-08-28/cd459ba82786136589d99dd89cef0d20ff3e92496c88b6ddf3cd2680c3006f68.webp,官方 2026-08-28,官方卡牌资料
talent-636403,令行如流,天赋牌,3,通用,,获得1张战术牌。回合开始时，再获得1张（棋手等级达到5级后，必定是高阶战术）。,,https://assets.wanxiangqiwiki.com/assets/official/2026-08-28/5e9e804aca90bde0859cd31ae00ad2faea5267a26afea7e2dc20f78dab9d1777.webp,官方 2026-08-28,官方卡牌资料
talent-636404,穷兵黩武,天赋牌,3,通用,,【逐鹿】英雄释放技能时，召唤1个玄雍士兵，其等级与召唤英雄相同，最多同时存在3个。,,https://assets.wanxiangqiwiki.com/assets/official/2026-08-28/852aa52247d415b14496001c3ff22f7defa6fe1231c7964b1a34bd38d8d5fc17.webp,官方 2026-08-28,官方卡牌资料
talent-636406,复现,天赋牌,3,通用,,每回合首次对【逐鹿】英雄使用的效果牌会返回手牌并附加转瞬。,,https://assets.wanxiangqiwiki.com/assets/official/2026-08-28/7d7401a78d07ce95b7600048ce16c1fe75b4a43e638398ce8953eb92e4570c2c.webp,官方 2026-08-28,官方卡牌资料
talent-636220,暴君归来,天赋牌,3,通用,,你在战斗过程中复生的英雄，获得200%攻速、100%暴击率并无敌，持续1.5秒。,,https://assets.wanxiangqiwiki.com/assets/official/2026-08-28/86875db7f6c9d9f58a1acef3bb3b2d08cb96166260ba70615f7d465f1bbdc316.webp,官方 2026-08-28,官方卡牌资料
talent-636410,演武,天赋牌,3,通用,,棋手升到5级后，你获得的战术牌都会变为高阶战术。,,https://assets.wanxiangqiwiki.com/assets/official/2026-08-28/bf89fef28ecd500fcf951a726d9d8ba3b0766732b32328e226fcf748863cc760.webp,官方 2026-08-28,官方卡牌资料
talent-636411,罡气护体,天赋牌,3,通用,,【逐鹿】英雄在技能释放期间，每1秒获得自身最大生命值5%的护盾，护盾持续3秒。,,https://assets.wanxiangqiwiki.com/assets/official/2026-08-28/e4425375a2ef04c6ac02ac65208b5029f62b99c0f210468eb119ccfea73efca6.webp,官方 2026-08-28,官方卡牌资料
talent-636219,钱生战力,天赋牌,3,通用,,战斗开始时，随机4名【河洛】英雄获得累计使用古币数（选择此天赋后）的临时等级。,,https://assets.wanxiangqiwiki.com/assets/official/2026-08-28/eba6a5100e0b6164101baa5018f198f588cf563d548fca08f33d152bee3cfbf1.webp,官方 2026-08-28,官方卡牌资料
talent-636216,千金换酒,天赋牌,3,通用,,获得1张李白，李白每获得12次古币，释放技能时会永久额外释放1次。,,https://assets.wanxiangqiwiki.com/assets/official/2026-08-28/b25b9bb1ab8823e7aa210c4545bde61709e141dfde6ff4b8bdee8dcc380979e6.webp,官方 2026-08-28,官方卡牌资料
talent-636214,丝绸之路,天赋牌,3,通用,,每出售4名场上英雄获得1张古币，每出售1张古币获得1张【河洛】英雄牌。,,https://assets.wanxiangqiwiki.com/assets/official/2026-08-28/c65c7692044a31dbe3ecde6512d8cf4d2967635415840e87e8ec16c5b428a7e8.webp,官方 2026-08-28,官方卡牌资料
talent-636417,春风化雨,天赋牌,3,通用,,回合开始时，获得1张场上【逐鹿】英雄的同名牌；若上场战斗胜利，则获得2张。,,https://assets.wanxiangqiwiki.com/assets/official/2026-08-28/6d0173a247aa8641180c5777901514989b4ad3e3a36f894eb3690750de46ba46.webp,官方 2026-08-28,官方卡牌资料
talent-636418,水晶穹顶,天赋牌,3,通用,,战斗开始时，穹顶会将区域内英雄的护盾吸收变为自身的护盾，保护区域内的友军不受伤害。,,https://assets.wanxiangqiwiki.com/assets/official/2026-08-28/b0daf94578c9a4e7191ecfb7825c941f46e42ed9f521c3e9b0aa166de6562a2c.webp,官方 2026-08-28,官方卡牌资料
talent-636501,望梅止渴,天赋牌,3,通用,,获得1张望梅止渴。回合开始时，场上每有2名【大河】英雄，再获得1张。,,https://assets.wanxiangqiwiki.com/assets/official/2026-08-28/0a0a0c5f713b2feb1d9a9518609e41331e1e803c03645c3421937e9cd62df9f7.webp,官方 2026-08-28,官方卡牌资料
talent-636503,四海来援,天赋牌,3,通用,,无阵营英雄获得牺牲：召唤1名与自身品阶和等级相同的英雄（无卡牌效果）参战。,,https://assets.wanxiangqiwiki.com/assets/official/2026-08-28/d2b32fceb3aab579a227ea405c2b7827d0a1d90441741cd0979f5a1a0456e881.webp,官方 2026-08-28,官方卡牌资料
talent-636504,命运图腾,天赋牌,3,通用,,战斗开始时，若你至少有2名【大河】英雄，随机在其周围1格召唤命运图腾：消灭击败该图腾的敌人。,,https://assets.wanxiangqiwiki.com/assets/official/2026-08-28/70a888e22e82b334fb6b3f40865aa10ae745243fb59c1b1bd4621ac3b0f3bfd2.webp,官方 2026-08-28,官方卡牌资料
talent-636505,神明庇佑,天赋牌,3,通用,,战斗开始时，图腾周围1格的己方单位提高10%生命值上限和20%攻速，可叠加。,,https://assets.wanxiangqiwiki.com/assets/official/2026-08-28/137313e964a906e68429ca0bdf3da24e31724974d9d345b3da9ee6b757542988.webp,官方 2026-08-28,官方卡牌资料
talent-636211,自我奉献,天赋牌,3,通用,,【河洛】英雄获得牺牲：所有友方单位+1临时等级，每次触发此牺牲效果时，临时等级额外+1。,,https://assets.wanxiangqiwiki.com/assets/official/2026-08-28/d1932f828341485a9cd036f177b6ff23dd87f4d254096b0cc8a952d99f66d7be.webp,官方 2026-08-28,官方卡牌资料
talent-636507,始祖熊灵,天赋牌,3,通用,,获得1张始祖熊灵，其被视为【大河】英雄且不占人口。战斗开始时，我方每比敌方多1个单位，始祖熊灵永久增加2级。,,https://assets.wanxiangqiwiki.com/assets/official/2026-08-28/0755c85c903d841bfc267e9d3cb09929521ea232e99ae6f2693c54f6e67d8adc.webp,官方 2026-08-28,官方卡牌资料
talent-636508,熊魂附甲,天赋牌,3,通用,,你至少穿戴2件装备的【大河】英雄阵亡获得牺牲：召唤1只与该英雄等级相同的熊灵。,,https://assets.wanxiangqiwiki.com/assets/official/2026-08-28/8f86bfe505c03e9b5c12b6052277b489853d39ac456e4d164b7416095a8352b3.webp,官方 2026-08-28,官方卡牌资料
talent-636205,一起发财,天赋牌,3,通用,,使用古币时，其他每个阵营中各1名随机英雄等级+3。,,https://assets.wanxiangqiwiki.com/assets/official/2026-08-28/70370a13e9e7364f01a1098dd0bde3b8847114417537d53901aba2197a43a8e5.webp,官方 2026-08-28,官方卡牌资料
talent-636204,古币机,天赋牌,3,通用,,召唤古币机，每对其使用4张古币牌（精致古币视为2次），依次获得：随机5张河洛英雄牌；1件贤者的庇护。之后随机获得：1张超速成长、1张普通装备牌或8能量。,,https://assets.wanxiangqiwiki.com/assets/official/2026-08-28/7a10b4fa5e7027b726b4272fba0a05691d23990396032546ef8395169d3f8e6f.webp,官方 2026-08-28,官方卡牌资料
talent-636511,虚妄转生,天赋牌,3,通用,,召唤1个虚妄图腾：被摧毁时，变为场上存活的等级最高或品阶最高的【大河】英雄（无卡牌效果）。,,https://assets.wanxiangqiwiki.com/assets/official/2026-08-28/0dcd9b4988ae4324a7cc7ad3933c6dc4452397d448611d386266bae3a4b8f2b2.webp,官方 2026-08-28,官方卡牌资料
talent-636203,升值,天赋牌,3,通用,,获得2张古币。战斗胜利时，古币牌提供的等级永久+1。,,https://assets.wanxiangqiwiki.com/assets/official/2026-08-28/a99d4cc3300e92d6deed66a568b79efba8a226478ada2dc0b92725f7ca21559b.webp,官方 2026-08-28,官方卡牌资料
talent-636513,灵祭升华,天赋牌,3,通用,,场上的图腾被摧毁时，等级最高的【大河】英雄获得图腾一半等级的临时等级。,,https://assets.wanxiangqiwiki.com/assets/official/2026-08-28/ac585bb1afafd125df85a60bb1a138e5b768fa445bcc6825b5dc5d854bfa36f4.webp,官方 2026-08-28,官方卡牌资料
talent-636114,核心裂痕,天赋牌,3,通用,,获得1张盗火。回合开始时，再获得1张（转瞬。指定1名英雄，至多偷取阿科米亚核心20级）。,,https://assets.wanxiangqiwiki.com/assets/official/2026-08-28/4aebbe1fad5202c9fadc09bf4c3121a287cf745da12673c7e4ebe509387198c7.webp,官方 2026-08-28,官方卡牌资料
talent-636113,能源置换,天赋牌,3,通用,,回合开始时，阿科米亚核心失去20级，获得10能量。每回合最多触发1次。,,https://assets.wanxiangqiwiki.com/assets/official/2026-08-28/792e0d9b8f0e537f12ad546044d83176f302c44f076fc73974741a3b17bb2e88.webp,官方 2026-08-28,官方卡牌资料
talent-636112,全域共鸣,天赋牌,3,通用,,随机获得1件火鹰装备，且火鹰装备的【日落海】专属效果对穿戴它的任意英雄生效。,,https://assets.wanxiangqiwiki.com/assets/official/2026-08-28/533c363f762674d46e59445e162169803a24c89c8153c051e44c82fb079113eb.webp,官方 2026-08-28,官方卡牌资料
talent-636602,升格,天赋牌,3,通用,,战斗中入场的召唤物存活8秒后，变为其召唤者（无卡牌效果）并保留等级，每场战斗最多5次。,,https://assets.wanxiangqiwiki.com/assets/official/2026-08-28/2c858a7d049f65a46c326cd8135c3bef28acf0e98799a62edc5d620038921930.webp,官方 2026-08-28,官方卡牌资料
talent-636603,千里相聚,天赋牌,3,通用,,每打出3张无阵营英雄牌时，全体英雄等级+4。,,https://assets.wanxiangqiwiki.com/assets/official/2026-08-28/733b967ec294a032d35e185bec26fd0540a6e5ae8223253956f17943dc5c8ad9.webp,官方 2026-08-28,官方卡牌资料
talent-636604,身外身,天赋牌,3,通用,,获得1张孙悟空，孙悟空释放技能时，呼出2个猴毛化身进行1次攻击。战斗胜利时，化身永久+1。,,https://assets.wanxiangqiwiki.com/assets/official/2026-08-28/acc17c2c2e9f73bbeec3d9e8b5d31b402a7c0141b046bf80c390a3e49f1bf905.webp,官方 2026-08-28,官方卡牌资料
talent-637001,兄妹,天赋牌,3,通用,,获得1张铠和1张露娜。共战时，铠首次释放技能，露娜可以无限释放技能，持续7秒。露娜每次释放技能，铠提升40%攻速。,,https://assets.wanxiangqiwiki.com/assets/official/2026-08-28/f7487adfdb1dfb670aa08a3f32a2ff67b69604446140b837612be4d2aeea4317.webp,官方 2026-08-28,官方卡牌资料
talent-637003,兽觉,天赋牌,3,通用,,获得1张裴擒虎和1张云中君。共战时，每当敌人被击败，二人获得兽觉，普攻额外造成100%物理伤害，持续5秒。,,https://assets.wanxiangqiwiki.com/assets/official/2026-08-28/eb91fe53ce46c4b92c8158b8a35e58c9c59f9bea9a85bc1a0b0aed863e8bf61e.webp,官方 2026-08-28,官方卡牌资料
talent-637004,巨像,天赋牌,3,通用,,获得1张米莱狄和1张蒙恬。二人在场时，召唤与米莱狄等级相同的蔚蓝神兽。二人等级之和达到100时，召唤与蒙恬等级相同的猩红神兽。,,https://assets.wanxiangqiwiki.com/assets/official/2026-08-28/19f4313d7734cad2952f3e7a82ee480ed5dfcdf105dfb9add95f56fbfc53ca47.webp,官方 2026-08-28,官方卡牌资料
talent-637006,舞力全开,天赋牌,3,通用,,貂蝉、婉儿共战时二人共享法力值（不会变更），技能变为融合技，可对目标造成伤害及负面效果。,,https://assets.wanxiangqiwiki.com/assets/official/2026-08-28/ab0e009a333f1b5e35f030c4de27941fc445f1d19d4dae05d9a8ec439a362c2b.webp,官方 2026-08-28,官方卡牌资料
talent-63700601,起舞,天赋牌,3,通用,,获得1张貂蝉和1张上官婉儿。共战时，参与击败敌方英雄后，二人均+10点法术攻击力并+1级。,,https://assets.wanxiangqiwiki.com/assets/official/2026-08-28/8b733ac691d9bb8d09df9b2ee181b7a2189e7f2defcc7086685bde8f5beb159a.webp,官方 2026-08-28,官方卡牌资料
talent-637007,箭雨,天赋牌,3,通用,,获得1张虞姬和1张公孙离。共战时，每合计攻击10次，将往敌方人群最密集处释放箭雨，各造成3次自身等级x2的法术伤害。,,https://assets.wanxiangqiwiki.com/assets/official/2026-08-28/060276fb390c9d6dbd382144050f5662ec2445184a307d7960d74727aeef0981.webp,官方 2026-08-28,官方卡牌资料
talent-637008,双生突袭,天赋牌,3,通用,,马可波罗、百里守约共战，释放技能时创造分身朝敌人释放技能。,,https://assets.wanxiangqiwiki.com/assets/official/2026-08-28/a02138c46a2a9bd4a11c92a9ff8e17792e03878670b4d673c0c640cc479b777e.webp,官方 2026-08-28,官方卡牌资料
talent-636108,双重分配,天赋牌,3,通用,,阿科米亚核心每分配1等级，还将随机分配1点属性：双攻/攻速/初始法力值中的随机1个（每场战斗随机）。,,https://assets.wanxiangqiwiki.com/assets/official/2026-08-28/efd8605d7bc5c094f3ea4f40a9d3367088aa6760da9acea1055d767ec45b0458.webp,官方 2026-08-28,官方卡牌资料
talent-637010,毒奶,天赋牌,3,通用,,获得1张蔡文姬和1张扁鹊。共战时，扁鹊固定对蔡文姬释放技能，蔡文姬获得50%移速，持续在敌方附近游走并造成伤害（详见技能面板）。,,https://assets.wanxiangqiwiki.com/assets/official/2026-08-28/6a6d60392803fde018bb7e6bd21b1861522b41db90495f230783198830fc6438.webp,官方 2026-08-28,官方卡牌资料
talent-637011,逐星,天赋牌,3,通用,,获得1张李白和1张曜。共战时，李白释放技能后，曜同步模仿李白，3次后曜将二人的技能融会贯通，领悟更强大的招式（详见技能面板）。,,https://assets.wanxiangqiwiki.com/assets/official/2026-08-28/b9e5b73cb19ed94926a82bd1b366443a789f7153287b7dca242824c42c7cf719.webp,官方 2026-08-28,官方卡牌资料
talent-637012,宝盒,天赋牌,3,通用,,获得1张露娜和1张孙悟空。共战时二者任意一方受到致死伤害时会暂时离场，持续6秒。在此期间另一方如未阵亡，则返回战场并恢复全部生命值及法力值。,,https://assets.wanxiangqiwiki.com/assets/official/2026-08-28/0f76f59afdb7de28fc0b6517ce2882ed3fe138c4915b8f57fdd7bc8c28aca708.webp,官方 2026-08-28,官方卡牌资料
talent-637016,旋刃,天赋牌,3,通用,,获得1张李元芳和1张公孙离。共战时二人共享法力值（不会变更），技能变为融合技：旋刃（详见技能面板）。旋刃每造成2次伤害，李元芳等级永久+1。,,https://assets.wanxiangqiwiki.com/assets/official/2026-08-28/ad85e242c848bfbbf7711cfaed14407ff7128666384110e912b448dde7dc71ee.webp,官方 2026-08-28,官方卡牌资料
talent-638001,慕名而来,天赋牌,3,通用,,你的英雄每触发4次登场效果，随机获得1张英雄牌。,,https://assets.wanxiangqiwiki.com/assets/official/2026-08-28/d21521ad85f6db988eca1ec1ed04a87cc189c1b458c394623d3de9515d6c26ec.webp,官方 2026-08-28,官方卡牌资料
talent-638002,狂野帷幕,天赋牌,3,通用,,战斗开始时，所有非牺牲单位进入隐形状态，持续10秒。,,https://assets.wanxiangqiwiki.com/assets/official/2026-08-28/37805a4c1937ad221ce1da5d9da5191481916fe41c513d19a0f95afb3d0b98a9.webp,官方 2026-08-28,官方卡牌资料
talent-636107,积少成多,天赋牌,3,通用,,【日落海】英雄每提升10级，阿科米亚核心获得4等级。,,https://assets.wanxiangqiwiki.com/assets/official/2026-08-28/dba93736e9c8dde35b2a2179e1c110516b7eb55b23a672f78920ed12f7af883b.webp,官方 2026-08-28,官方卡牌资料
talent-638004,超级蓄能,天赋牌,3,通用,,回合开始时，你的整备效果英雄会提升场上整备效果英雄数x2的等级。,,https://assets.wanxiangqiwiki.com/assets/official/2026-08-28/30aef5d7acb6f1875c9a894a1b1d913da17b493b83fc879f2aee91d4e8e5c7d1.webp,官方 2026-08-28,官方卡牌资料
talent-638005,镜像迷离,天赋牌,3,通用,,战斗开始时，你的英雄偷取敌方同名英雄33%的等级，每名英雄只会因此效果改变一次等级。若对手也拥有此天赋，则无法生效。,,https://assets.wanxiangqiwiki.com/assets/official/2026-08-28/37b5efcb47d365e4be79843bfdccd98ef9afa9adec71566b87b78f8df53e3e3c.webp,官方 2026-08-28,官方卡牌资料
talent-638006,摄人心魄,天赋牌,3,通用,,你的夺取效果英雄击败敌方英雄时，将永久夺取对方3级。,,https://assets.wanxiangqiwiki.com/assets/official/2026-08-28/19c7035ea0072099374580c59b190aca3a7e0b735ac83e58203deb19ca137478.webp,官方 2026-08-28,官方卡牌资料
talent-638007,控魂,天赋牌,3,通用,,夺取效果英雄击败敌方英雄时，将其灵魂复活（无卡牌效果），满法力值作战，持续5秒。,,https://assets.wanxiangqiwiki.com/assets/official/2026-08-28/0c3c003d0400d549aa08bda61647cb1a4c8dc53c7f150c69430133953a01c485.webp,官方 2026-08-28,官方卡牌资料
talent-636104,能量汲取,天赋牌,3,通用,,出售场上英雄时，阿科米亚核心会获得其等级。,,https://assets.wanxiangqiwiki.com/assets/official/2026-08-28/3064814608dd748568169b30cfc554920a776807861e0197a9cc4a77125a4e1e.webp,官方 2026-08-28,官方卡牌资料
talent-638009,双生相,天赋牌,3,通用,,战斗开始时，第一排闪现英雄不再闪现，获得30%最大生命值上限以及10点双抗；后三排闪现英雄额外获得20%暴击率和40%暴击效果。,,https://assets.wanxiangqiwiki.com/assets/official/2026-08-28/49c454799b49c2211e11320c42d31360c77f668e72546b539ad8985732d6e7f9.webp,官方 2026-08-28,官方卡牌资料
talent-638010,生生不息,天赋牌,3,通用,,4/5阶的召唤单位获得完美复生。,,https://assets.wanxiangqiwiki.com/assets/official/2026-08-28/be8607e38ccdb154c294f045acb170f0c3f01740ce111f614db1cbfe14d72898.webp,官方 2026-08-28,官方卡牌资料
talent-636102,定向传输,天赋牌,3,通用,,阿科米亚核心的等级会优先分配给穿戴装备最多的【日落海】英雄，最多分配200级。,,https://assets.wanxiangqiwiki.com/assets/official/2026-08-28/89e512df8160aeeb252b95a33913fb9c725d45ef116eb26c3aea0545f1e1a835.webp,官方 2026-08-28,官方卡牌资料
talent-635046,点兵点将,天赋牌,3,通用,,获得1张天赋牌点兵点将：获得场上英雄牌各1张。,,https://assets.wanxiangqiwiki.com/assets/official/2026-08-28/d8397b86b56372a46f7cef7bfe902c9b7241316ebcb3b34c6c0961322af27e5d.webp,官方 2026-08-28,官方卡牌资料
talent-635045,三分强援,天赋牌,3,通用,,获得5能量和随机3张4-5阶【三分】英雄牌。,,https://assets.wanxiangqiwiki.com/assets/official/2026-08-28/8eae34ca13e80bfd993fd4d0f9e86176d3c17d8d9f3401cb57fe53f9f863d591.webp,官方 2026-08-28,官方卡牌资料
talent-reinforce,三分增援,天赋牌,3,通用,,随机获得3张3-4阶【三分】英雄牌。,,https://assets.wanxiangqiwiki.com/assets/official/2026-08-28/275f3dada8d036606587e15c498e70b6934207ae19722efadc86f12dc087da33.webp,官方 2026-08-28,官方卡牌资料
talent-646005,护命灵珠,天赋牌,3,通用,,获得护命灵珠：增加护盾，护盾存在期间造成伤害提升。,,https://assets.wanxiangqiwiki.com/assets/official/2026-08-28/4bd3e63172cb1d357042e8821686cf04509216506c52a2e744d8339555d5064c.webp,官方 2026-08-28,官方卡牌资料
talent-646006,光辉圣铠,天赋牌,3,通用,,获得光辉圣铠：每秒获得生命恢复。,,https://assets.wanxiangqiwiki.com/assets/official/2026-08-28/0796eec4ed6fd032f2707faa4a0e3fe8cda9dd381e93536de084f9749dd2cf9c.webp,官方 2026-08-28,官方卡牌资料
talent-646007,魂祭绝刃,天赋牌,3,通用,,获得魂祭绝刃：增加攻速与吸血，但每次战斗以50%生命值开始。,,https://assets.wanxiangqiwiki.com/assets/official/2026-08-28/3c86117a34a342fa20f269f362790261d82edac5ad565c2f770480eec9130274.webp,官方 2026-08-28,官方卡牌资料
talent-646008,根源之力,天赋牌,3,通用,,获得根源之力：对敌方血量最少的单位造成法术伤害。,,https://assets.wanxiangqiwiki.com/assets/official/2026-08-28/1c2064e7ec322ea3d9dcea7e42adc2d00d8ef45885ceb67ccad2fa4a4b5767d9.webp,官方 2026-08-28,官方卡牌资料
talent-646009,灵泉项链,天赋牌,3,通用,,获得灵泉项链：法力值上限-10，自身及周围1格友军每秒获得法力值。,,https://assets.wanxiangqiwiki.com/assets/official/2026-08-28/d982ccdcb19655e4ccfaba193d09369b8a804c3672d24ab1d7070064fc4e0a20.webp,官方 2026-08-28,官方卡牌资料
talent-646010,魂灭灵冠,天赋牌,3,通用,,获得魂灭灵冠：穿戴者阵亡时基于敌人最大生命值造成真实伤害。,,https://assets.wanxiangqiwiki.com/assets/official/2026-08-28/2ec8b550514bb813531bfbbc93796dc2be277489e159b6e89acaa0e1796342e7.webp,官方 2026-08-28,官方卡牌资料
talent-635040,日落海强援,天赋牌,3,通用,,获得5能量和随机3张4-5阶【日落海】英雄牌。,,https://assets.wanxiangqiwiki.com/assets/official/2026-08-28/6097a598a1ffbcde6d8098459a0ead9112fb6f3324a2097397d69137db834a10.webp,官方 2026-08-28,官方卡牌资料
talent-646012,强敌克星,天赋牌,3,通用,,获得强敌克星：造成真实伤害，每普攻4次眩晕敌人。,,https://assets.wanxiangqiwiki.com/assets/official/2026-08-28/df3f5b513a19676fae1bb62f3e9bc8664afdd85dc24e1096009ac6b44a4180cb.webp,官方 2026-08-28,官方卡牌资料
talent-646013,灵泉法杖,天赋牌,3,通用,,获得灵泉法杖：获得闪现，闪现后重击敌人。,,https://assets.wanxiangqiwiki.com/assets/official/2026-08-28/2ac695302471fdfcdd327cc228f29af01e374bdcd462c6941827c0dbdfae944c.webp,官方 2026-08-28,官方卡牌资料
talent-646015,鼓舞之戒,天赋牌,3,通用,,获得鼓舞之戒：与穿戴者同阵营的英雄提升最大生命值。,,https://assets.wanxiangqiwiki.com/assets/official/2026-08-28/a3916c74f7d203fbe4ff15795d8db6800436115b16c8ae107121c7e1b9909484.webp,官方 2026-08-28,官方卡牌资料
talent-646016,梦魇之牙,天赋牌,3,通用,,获得梦魇之牙：魔法伤害击败敌方造成范围伤害。,,https://assets.wanxiangqiwiki.com/assets/official/2026-08-28/932c2e9824a16559a7c3a4a5ff0e481bf1b1e30f5eaba81c61a7ec74a30742b3.webp,官方 2026-08-28,官方卡牌资料
talent-646017,末世,天赋牌,3,通用,,获得末世：普通攻击偷取敌方生命值。,,https://assets.wanxiangqiwiki.com/assets/official/2026-08-28/aaf9b981b3c4edb4f6ba88b24bc90a8f47124e55818fc24c26956d9616bdd79c.webp,官方 2026-08-28,官方卡牌资料
talent-635038,日落海增援,天赋牌,3,通用,,随机获得3张3-4阶【日落海】英雄牌。,,https://assets.wanxiangqiwiki.com/assets/official/2026-08-28/283aae416e43a6f6e2336f32250863f1d4aea6b18f773915fdd4cc4460a8d0c3.webp,官方 2026-08-28,官方卡牌资料
talent-635035,大河强援,天赋牌,3,通用,,获得5能量和随机3张4-5阶【大河流域】英雄牌。,,https://assets.wanxiangqiwiki.com/assets/official/2026-08-28/4dd163ab234ab332eab98be8ec909d77869a170adff2b18c510e32f03f355b4d.webp,官方 2026-08-28,官方卡牌资料
talent-635033,大河增援,天赋牌,3,通用,,随机获得3张3-4阶【大河流域】英雄牌。,,https://assets.wanxiangqiwiki.com/assets/official/2026-08-28/b9f19ab59e9fc4c5a361912080019c23c4725644ccd84f9695065d882cfc80ae.webp,官方 2026-08-28,官方卡牌资料
talent-635030,逐鹿强援,天赋牌,3,通用,,获得5能量和随机3张4-5阶【逐鹿】英雄牌。,,https://assets.wanxiangqiwiki.com/assets/official/2026-08-28/8d47bf0db6b3b50614697cb2d0d9b2cce81431900afe8607a6b8f7dc6a813f46.webp,官方 2026-08-28,官方卡牌资料
talent-635028,逐鹿增援,天赋牌,3,通用,,随机获得3张3-4阶【逐鹿】英雄牌。,,https://assets.wanxiangqiwiki.com/assets/official/2026-08-28/81b0a794b56880858ad8a85ce6c1a6094a12458e6179e4f5df60183eeeb7a9e6.webp,官方 2026-08-28,官方卡牌资料
talent-671008,拾荒者,天赋牌,3,通用,,恢复10棋手生命值。之后每有1位棋手被淘汰，获得2张5阶英雄兑换券。,,https://assets.wanxiangqiwiki.com/assets/official/2026-08-28/9f5c73ad1ffce8b3db0b8e40e7369287aed620e00118ff893dcb5fff72ae7d6a.webp,官方 2026-08-28,官方卡牌资料
talent-635018,河洛强援,天赋牌,3,通用,,获得5能量和3张随机4-5阶【河洛】英雄牌。,,https://assets.wanxiangqiwiki.com/assets/official/2026-08-28/d0b2003f4f762c03627c0711a62855680ac0e40e3522c0ec01d4731270ee6c4b.webp,官方 2026-08-28,官方卡牌资料
talent-635016,河洛增援,天赋牌,3,通用,,随机获得3张3-4阶【河洛】英雄牌。,,https://assets.wanxiangqiwiki.com/assets/official/2026-08-28/ddcdcbba69c5a1e47a75b1bced6b07c0f5e22e5efd6c18e2068cd7a92cb3bdf3.webp,官方 2026-08-28,官方卡牌资料
talent-635013,天兵,天赋牌,3,通用,,获得1张5阶英雄牌。回合开始时，再获得1张。,,https://assets.wanxiangqiwiki.com/assets/official/2026-08-28/f6fca322ab279a3795364f30e9403b22f18b95e687369e4ebe152c0bd5075afa.webp,官方 2026-08-28,官方卡牌资料
talent-635012,守护灵,天赋牌,3,通用,,当你在战斗中仅剩1名英雄时，随机召唤1名满装备的5阶英雄（无卡牌效果）出战，并使之获得回合数x10的等级（至少为80级）。,,https://assets.wanxiangqiwiki.com/assets/official/2026-08-28/c6b42b25ff89f1d3092a729fa73029cd2056cb974587161b221bc313cca2ffd0.webp,官方 2026-08-28,官方卡牌资料
talent-671013,群星璀璨,天赋牌,3,通用,,获得2张4-5阶英雄兑换券。当你场上至少有5名4-5阶英雄时，所有4-5阶英雄获得20临时等级。,,https://assets.wanxiangqiwiki.com/assets/official/2026-08-28/b5d965186a60da0f71ecf0a4dda0648d1e461df240a5ad3664cbb35522b444a4.webp,官方 2026-08-28,官方卡牌资料
talent-635001,特大电池包,天赋牌,3,通用,,获得12能量。,,https://assets.wanxiangqiwiki.com/assets/official/2026-08-28/aed7a40873f11a6bfd3f6b097879576a66dfda738ec2cef55800cad72dc02f11.webp,官方 2026-08-28,官方卡牌资料
talent-634037,强者恒强,天赋牌,3,通用,,战斗开始时，你的已觉醒英雄获得50点物理攻击力和50点法术攻击力。若所有己方英雄已觉醒，则再获得20%物理及法术吸血。,,https://assets.wanxiangqiwiki.com/assets/official/2026-08-28/117a9f22e9c0803c2fe9357979f307675d768ece02a340c85629978405564626.webp,官方 2026-08-28,官方卡牌资料
talent-671018,无影手,天赋牌,3,通用,,回合开始时，获得3次仅本回合可用的免费商店刷新。,,https://assets.wanxiangqiwiki.com/assets/official/2026-08-28/92d2a50311ade4cf8abd4b84ad491f273505fb371ff3644f73b22bfea8c31cd3.webp,官方 2026-08-28,官方卡牌资料
talent-671019,学霸,天赋牌,3,通用,,获得5能量。若你是第1个到达5/6级的棋手，则5级获得2张5阶英雄兑换券，6级获得1件天赋装备。失败则获得留级证明。,,https://assets.wanxiangqiwiki.com/assets/official/2026-08-28/085785df72e9a418b7ec837a15a5c3a70d9c2cb3e8f44c7ecd4b5c84adffc33d.webp,官方 2026-08-28,官方卡牌资料
talent-634035,随机强化,天赋牌,3,通用,,战斗开始时，你品阶最高的1名英雄等级永久+9。,,https://assets.wanxiangqiwiki.com/assets/official/2026-08-28/656ce2d0d6cfef80c366b7551f04395ae29390e69ddd75d10054a97776953a17.webp,官方 2026-08-28,官方卡牌资料
talent-671021,绝境逆袭,天赋牌,3,通用,,当你排名不是第1或第2名时，你的所有单位伤害+20%，最大生命值+25%。,,https://assets.wanxiangqiwiki.com/assets/official/2026-08-28/0362d7cc2f53cb9535702be113b1041b75ff774b619c9d626d7ccd035405a6e1.webp,官方 2026-08-28,官方卡牌资料
talent-681001,买橘子去,天赋牌,3,通用,,获得1张天赋牌站这别动：指定1个阵位，每过2回合，获得1张此格上的英雄牌。,,https://assets.wanxiangqiwiki.com/assets/official/2026-08-28/43d933eececc4ec952fc343ee13dd49f19dc7b8bcb5fda7c234972ef2adce73f.webp,官方 2026-08-28,官方卡牌资料
talent-634032,破败神威,天赋牌,3,通用,,战斗开始时，你的英雄普攻附带敌人最大生命值3%的法术伤害。,,https://assets.wanxiangqiwiki.com/assets/official/2026-08-28/f8d7a84756b74242d92c07e119fac8b0f90be4e9d980f32c1d7d0bd8f32e60e6.webp,官方 2026-08-28,官方卡牌资料
talent-634030,战略中枢,天赋牌,3,通用,,可上阵人数+1，同时获得2张有福同享。,,https://assets.wanxiangqiwiki.com/assets/official/2026-08-28/54bec2c1252c12f5a40f39da26789bdb440ef1c6d2307a7cf2f21a9deb2cc817.webp,官方 2026-08-28,官方卡牌资料
talent-634014,延迟满足,天赋牌,3,通用,,获得1张天赋牌延迟满足：指定1名英雄等级+10。3回合后，再+25。,,https://assets.wanxiangqiwiki.com/assets/official/2026-08-28/c40ce3601c17daae83afe723e13c0a00147ef4d3abf0bbe2177e5115145342b3.webp,官方 2026-08-28,官方卡牌资料
talent-633020,全副武装,天赋牌,3,通用,,获得1张基础装备牌。战斗开始时，你至少穿戴2件装备的英雄获得15%伤害加成和减免。,,https://assets.wanxiangqiwiki.com/assets/official/2026-08-28/2601cbcf47bc001fb18e3e8fb0cef1be0a4f4ad09bf1f3f1d5b2991325033983.webp,官方 2026-08-28,官方卡牌资料
talent-633014,同心协力,天赋牌,3,通用,,战斗开始时，若你至少有6名同阵营英雄，其获得50点物攻和法攻以及50%攻速。,,https://assets.wanxiangqiwiki.com/assets/official/2026-08-28/9a7eb4894e5f0b88d92e22b6591791a1d3e2a3a19f7ded623bd02761bfa57022.webp,官方 2026-08-28,官方卡牌资料
talent-632012,泉水,天赋牌,3,通用,,回合开始时，恢复3棋手生命值；若棋手生命值已满，改为获得4棋手经验。,,https://assets.wanxiangqiwiki.com/assets/official/2026-08-28/1419172feca3e54a65b62b979afaf66f13e7dcf76f69a280e0266e6c12a83d49.webp,官方 2026-08-28,官方卡牌资料
talent-tour,三人游,天赋牌,3,通用,,随机获得3张4-5阶英雄牌。,,https://assets.wanxiangqiwiki.com/assets/official/2026-08-28/a4cbe104e8bba7ec83d962a2c46435e8dc5a6612d83b2fa65847095102185543.webp,官方 2026-08-28,官方卡牌资料
talent-681011,扩编高峰,天赋牌,3,通用,,获得1个可购买天赋：花费8能量，可上阵人数+1。可购买3次。,,https://assets.wanxiangqiwiki.com/assets/official/2026-08-28/25755b6fef1411a1456221d507b6eb339a03b1b76b47ecb3a7cdb0ea2a7377d3.webp,官方 2026-08-28,官方卡牌资料
talent-681012,补给线：整备,天赋牌,3,通用,,获得1张整备效果英雄牌。回合开始时，再获得1张。,,https://assets.wanxiangqiwiki.com/assets/official/2026-08-28/36daa3c57dd8b5925c5b5cc7895329cf05ced63a6cf64753db7dade1c0ed371d.webp,官方 2026-08-28,官方卡牌资料
talent-681013,补给线：牺牲,天赋牌,3,通用,,获得1张牺牲效果英雄牌。回合开始时，再获得1张。,,https://assets.wanxiangqiwiki.com/assets/official/2026-08-28/4177f36f860ec4d7d82b62146d28613f96ef146341ed2e07ea86f7d10a058300.webp,官方 2026-08-28,官方卡牌资料
talent-622010,中流砥柱,天赋牌,3,通用,,打出3阶英雄牌，额外+6级。,,https://assets.wanxiangqiwiki.com/assets/official/2026-08-28/82d73ec50064b9a414da7a060d455ff095923899a760f8bdb6bad9cf45fecc31.webp,官方 2026-08-28,官方卡牌资料
talent-681015,补给线：登场,天赋牌,3,通用,,获得1张登场效果英雄牌。回合开始时，再获得1张。,,https://assets.wanxiangqiwiki.com/assets/official/2026-08-28/4ee38498ee713c755a1f953cd3765d2a60196fb4c34ccc8fae86f33e4af99d48.webp,官方 2026-08-28,官方卡牌资料
talent-681016,混沌次元,天赋牌,3,通用,,获得混沌裂隙：指定阵位召唤裂隙，开战前吞噬英雄，永久获得其双倍等级。开战时，召唤1名品阶≥商店等级的满装备英雄。,,https://assets.wanxiangqiwiki.com/assets/official/2026-08-28/4a1d6fa628da20b2fe1515dbc701be3bbe78b327008d7462cb0b0be991c60bd8.webp,官方 2026-08-28,官方卡牌资料
talent-622008,小咖秀,天赋牌,3,通用,,战斗开始时，若你只有1-3阶英雄，随机获得1张场上的英雄牌。,,https://assets.wanxiangqiwiki.com/assets/official/2026-08-28/4e23ce70588c86ae2eb310c2b64f288e32e766986aa5f54220767c64f60632bb.webp,官方 2026-08-28,官方卡牌资料
talent-622003,永不独行,天赋牌,3,通用,,获得1张双人同行。回合开始时，若棋手不超过3级，再获得1张。,,https://assets.wanxiangqiwiki.com/assets/official/2026-08-28/4e1df5515ee1ada8c9ad0ae780f1c5f3e2bdf14db7edb063f7d606f8bd06c434.webp,官方 2026-08-28,官方卡牌资料
talent-615006,搏命,天赋牌,3,通用,,棋手生命值-20，获得25能量。,,https://assets.wanxiangqiwiki.com/assets/official/2026-08-28/0908e31cbb5ed0a5695d7832bf8d367503c78720d3c1ce3ba2e3012823147074.webp,官方 2026-08-28,官方卡牌资料
talent-615002,紧急救援,天赋牌,3,通用,,获得15棋手生命值、1张装备箱、1张5阶兑换券。,,https://assets.wanxiangqiwiki.com/assets/official/2026-08-28/5dc0ea34f3c14e0f7a9e18363555bcb67f03bc48e2f8465a9e9759bbeb443dd0.webp,官方 2026-08-28,官方卡牌资料
talent-681023,危险数字,天赋牌,3,通用,,在商店每买3张牌，获得1能量；若其品阶相加等于10，随机再获得其中1张。,,https://assets.wanxiangqiwiki.com/assets/official/2026-08-28/ad59614712ebf30c7be3a54408fec237f0d275175fff7aefaebf1346b077c47c.webp,官方 2026-08-28,官方卡牌资料
talent-615001,大明星,天赋牌,3,通用,,获得1张大明星：随机上阵1名不在场的等级为棋手等级x7的5阶英雄，其觉醒进度为1，此后每经过2回合则额外+1。,,https://assets.wanxiangqiwiki.com/assets/official/2026-08-28/f8dad20a74e54f1c36a1198bcb69bbd14963f2e452b20aac4f556d7d3fb03b15.webp,官方 2026-08-28,官方卡牌资料
talent-614007,王牌部队,天赋牌,3,通用,,战斗开始时，若你至少有3名4-5阶英雄，获得1张4-5阶效果锦囊。,,https://assets.wanxiangqiwiki.com/assets/official/2026-08-28/9b65a49c995067d9a23bcc1c8762f05ca5314c25d98001f7015807dce4e07c6c.webp,官方 2026-08-28,官方卡牌资料
talent-614006,有舍有得,天赋牌,3,通用,,回合开始时，随机1名英雄觉醒进度+1，但英雄合成提升的等级-1。,,https://assets.wanxiangqiwiki.com/assets/official/2026-08-28/849cf935a4ffb09c4036a08d325e77f8e0b60827bd8d3c4d8084ad0825771b53.webp,官方 2026-08-28,官方卡牌资料
talent-614001,资深猎头,天赋牌,3,通用,,棋手4级时，获得1张天赋牌资深猎头：4阶卡牌2选1，并将选中的卡牌一分为四。,,https://assets.wanxiangqiwiki.com/assets/official/2026-08-28/d6a39572ea608dae5904b06238cebc517d6a407f34deb3d2d628906af7decb8e.webp,官方 2026-08-28,官方卡牌资料
talent-613011,无限进步,天赋牌,3,通用,,获得1张3阶兑换券。回合开始时，获得2棋手经验。满级后，改为获得2能量。,,https://assets.wanxiangqiwiki.com/assets/official/2026-08-28/9423fa7a2f757f9f680fce85f998db9eaf92aed750629a0d0a3851eed50577f9.webp,官方 2026-08-28,官方卡牌资料
talent-63611802,突破：亚瑟,天赋牌,3,通用,,获得一张亚瑟，为亚瑟在卡牌突破和技能突破中二选一。,,https://assets.wanxiangqiwiki.com/assets/webp/天赋牌_突破：亚瑟_63611802_主卡图.webp,历史资料,官方卡牌资料
talent-681030,丢盔弃甲,天赋牌,2,通用,,获得一张天赋卡空手道：指定一名英雄，取消装备槽位。战斗开始时，该英雄获得等同于其真实等级的临时等级。,,https://assets.wanxiangqiwiki.com/assets/webp/天赋牌_丢盔弃甲_681030_主卡图.webp,站内补充,官方卡牌资料
talent-681029,流动资产,天赋牌,2,通用,,装备卡可以售卖3能量，效果卡可以售卖1能量。,,https://assets.wanxiangqiwiki.com/assets/webp/天赋牌_流动资产_681029_主卡图.webp,站内补充,官方卡牌资料
talent-671015,透支,天赋牌,2,通用,,能量可用至-15。回合开始时，如果能量为负，本回合无法打出英雄牌。,,https://assets.wanxiangqiwiki.com/assets/webp/天赋牌_透支_671015_主卡图.webp,站内补充,官方卡牌资料
talent-636202,以物易物,天赋牌,2,通用,,每出售3张古币牌，获得1张不屈意志。,,https://assets.wanxiangqiwiki.com/assets/webp/天赋牌_以物易物_636202_主卡图.webp,站内补充,官方卡牌资料
talent-636310,勇冠三军,天赋牌,2,通用,,获得一张马超，战斗中，马超的暴击率始终会分享给友军。马超暴击率达到100%时，所有友军的法术伤害可以暴击。,,https://assets.wanxiangqiwiki.com/assets/webp/天赋牌_勇冠三军_636310_主卡图.webp,站内补充,官方卡牌资料
talent-636419,我们几个真强,天赋牌,2,通用,,孙膑、墨子、扁鹊、鲁班七号释放技能时，出现一个替身同步释放技能。,,https://assets.wanxiangqiwiki.com/assets/webp/天赋牌_我们几个真强_636419_主卡图.webp,站内补充,官方卡牌资料
talent-637013,炮火,天赋牌,3,通用,,获得1张莱西奥和1张蒙犽。共战时二人共享法力值（不会变更），技能变为融合技（详见技能面板）。每次击败敌方英雄二人等级均+1。,,https://assets.wanxiangqiwiki.com/assets/天赋牌_炮火_637013_主卡图.png,站内补充,官方卡牌资料
talent-637015,霸王,天赋牌,3,通用,,获得1张吕布和1张项羽。共战时，二人共享生命值（二者生命值之和），并分别为自身装备【方天画戟】和【霸王戟】（详见天赋栏）。,,https://assets.wanxiangqiwiki.com/assets/webp/天赋牌_霸王_637015_主卡图.webp,站内补充,官方卡牌资料
talent-637018,帝临,天赋牌,3,通用,,获得1张嬴政和1张武则天。备战开始时，若嬴政和武则天同时在场，二选一种统治方案，每种方案选择后会得到强化。,,https://assets.wanxiangqiwiki.com/assets/webp/天赋牌_帝临_637018_主卡图.webp,站内补充,官方卡牌资料
talent-637019,殊途,天赋牌,3,通用,,获得1张姜子牙和1张老夫子。同时在场时，每2次英雄合成获得1张【神谕】。每使用3张效果牌获得1张【诫律】。,,https://assets.wanxiangqiwiki.com/assets/webp/天赋牌_殊途_637019_主卡图.webp,站内补充,官方卡牌资料
talent-636517,神鹰锻匠,天赋牌,3,通用,,获得一张云中君，战斗开始时，云中君会为距离最近的1个【大河】英雄添加1件神兵至满装备。若云中君觉醒，神兵至多添加3件。,,https://assets.wanxiangqiwiki.com/assets/webp/天赋牌_神鹰锻匠_636517_主卡图.webp,站内补充,官方卡牌资料
talent-636210,英雄再临,天赋牌,3,通用,,战斗中，你第4次触发英雄的牺牲效果时，所有已阵亡的牺牲英雄将会完美复生。,,https://assets.wanxiangqiwiki.com/assets/webp/天赋牌_英雄再临_636210_主卡图.webp,站内补充,官方卡牌资料
talent-derived-pengpeng,砰砰,天赋牌,3,通用,,获得1张沈梦溪和1张孙膑。共战时，二人法力值上限保持一致（取较低值），每次释放技能额外+1级。,,https://assets.wanxiangqiwiki.com/assets/webp/天赋牌_砰砰_derived-pengpeng_主卡图.webp,站内补充,官方卡牌资料
